,平台,区域,场地名称,场地主人,联系方式,场地活动类型,场地价格,场地大小,推荐人数,场地位置,服务设施,浏览量,咨询量,场地链接
0,活动行-活动场地,福田区,通天地智能产品孵化基地,TTD智能产品孵化基地,17724***544,聚会 商务活动 团建 DIY 体验 分享会/沙龙 发布会 课程 会议/论坛 展览 集市 赛事 路演 轰趴 亲子 读书会 年会 其他,"1500元/半天 起
路演厅：1500/半天，3000/整天",160 平米起,100 人,电子科技大厦C座13楼,投影设备 银幕 音响 麦克风 WIFI 停车场 黑白板 舞台灯 讲台 桌椅 电视 LED屏,703,1,http://venue.huodongxing.com/venue/detail/250849999627
1,活动行-活动场地,福田区,深圳CBD中心高档写字楼华融大厦25楼,李杰,18617***775,商务活动 分享会/沙龙 发布会 课程 会议/论坛 路演 亲子 读书会 其他,"300元/天 起
我们欢迎活动方与我们进行场地合作，优质的活动我们可以免费提供场地。V ：18617353775",80 平米起,60 人,福田区民田路178号华融大厦2510,投影设备 银幕 音响 麦克风 WIFI 茶歇 餐饮 停车场 桌椅 电视,733,6,http://venue.huodongxing.com/venue/detail/170858110727
2,活动行-活动场地,福田区,任太生活馆,周彩连,19926***992,聚会 商务活动 团建 DIY 体验 分享会/沙龙 发布会 课程 会议/论坛 展览 路演 轰趴 亲子 读书会 年会,"350元/时 起
按不同活动和不同的需求给出价格。",160 平米起,100 人,新安二路140号,投影设备 银幕 音响 麦克风 WIFI 茶歇 餐饮 停车场 黑白板 讲台 桌椅,294,4,http://venue.huodongxing.com/venue/detail/910945082170
3,活动行-活动场地,福田区,深圳场地招募,百宝箱,13260***239,聚会 商务活动 团建 DIY 体验 分享会/沙龙 发布会 课程 会议/论坛 现场演出 展览 集市 赛事 路演 轰趴 亲子 读书会 年会,1元/天 起,0 平米起,1 人,线上活动,投影设备 银幕 音响 WIFI 餐饮 舞台 桌椅 LED屏,267,0,http://venue.huodongxing.com/venue/detail/110866758566
4,活动行-活动场地,福田区,QSPACE轻空间,李女士,13751***351,聚会 商务活动 分享会/沙龙 发布会 课程 会议/论坛 路演 读书会,"150元/小时 起
提供10-70人的会议、活动、分享场地。 6-8人会议室 150元/小时 10-25人会议室 300元/小时 20-60人 包场以进行分享、活动，请联系我们面议。",800 平米起,30 人,福华三路财富大厦,投影设备 银幕 音响 麦克风 WIFI 茶歇 停车场 黑白板 舞台灯 讲台 舞台 桌椅 电视 LED屏,787,10,http://venue.huodongxing.com/venue/detail/870851927079
5,活动行-活动场地,福田区,Bee+财富大厦空间,陈嘉怡,15818***960,商务活动 团建 DIY 体验 分享会/沙龙 发布会 课程 会议/论坛 路演 年会,450元/时 起,400 平米起,120 人,深圳市福田区福华三路88号财富大厦1-3层Beeplus,投影设备 银幕 音响 麦克风 WIFI 茶歇 餐饮 停车场 黑白板 舞台灯 讲台 舞台 桌椅 电视 LED屏,688,2,http://venue.huodongxing.com/venue/detail/620846115541
6,活动行-活动场地,福田区,科技寺空间（福田店）,杨雯婷,13530***139,商务活动 分享会/沙龙 发布会 课程 会议/论坛 路演,300元/小时 起,70 平米起,80 人,福田区福强路3030号中国（深圳）新媒体广告产业园22楼科技寺,投影设备 音响 麦克风 WIFI 桌椅 电视,219,2,http://venue.huodongxing.com/venue/detail/260837954605
7,活动行-活动场地,福田区,Together荟舍咖啡,李盛时,13428***911,聚会 DIY 体验 分享会/沙龙 课程 轰趴,"100元/小时 起
咖啡馆,Space,书吧,沙龙,课程",200 平米起,50 人,深圳市福田区福强路4001号深圳文化创意园H馆1楼,投影设备 音响 麦克风 WIFI 茶歇 餐饮 停车场 黑白板 桌椅,930,5,http://venue.huodongxing.com/venue/detail/270804649703
8,活动行-活动场地,福田区,一陶二木艺术传播有限公司,向老师,18925***975,聚会 团建 DIY 体验 分享会/沙龙 轰趴,798元/3H 起,1500 平米起,100 人,深圳市福田区彩田路2048号福建大厦A座四楼,投影设备 银幕 音响 麦克风 WIFI 茶歇 餐饮 停车场 黑白板 舞台灯 讲台 舞台 桌椅,470,5,http://venue.huodongxing.com/venue/detail/590800547465
9,活动行-活动场地,福田区,ATLASCoffee&Deli寰图咖啡食堂,李靖元,13760***983,聚会 团建 分享会/沙龙 轰趴 年会,500元/小时 起,220 平米起,80 人,广东省深圳市福田区福华三路100号鼎和大厦3楼寰图咖啡食堂,投影设备 音响 麦克风 WIFI 茶歇 餐饮 桌椅,282,0,http://venue.huodongxing.com/venue/detail/490794554783
10,活动行-活动场地,福田区,豹团众创多功能路演厅,王雪,15768***716,聚会 分享会/沙龙 发布会 课程 会议/论坛 路演,600元/小时 起,160 平米起,80 人,深圳市福田区八卦一路619栋3楼,投影设备 音响 麦克风 WIFI 茶歇,563,2,http://venue.huodongxing.com/venue/detail/700793124629
11,活动行-活动场地,福田区,莫奈花园-生日趴/求婚/聚会/摄影沙龙,LilianLiu,18825***770,聚会 分享会/沙龙,200元/小时 起,80 平米起,20 人,深圳市福田区景田路77号擎天阁,投影设备 音响 WIFI 桌椅,454,0,http://venue.huodongxing.com/venue/detail/150771953445
12,活动行-活动场地,福田区,涟漪艺术空间,刘凤林,13713***677,分享会/沙龙 发布会 现场演出,3000元/天 起,300 平米起,100 人,深圳市福田保税区槟榔道创意保税园A103,投影设备 银幕 音响 麦克风 WIFI 茶歇 餐饮 停车场 黑白板 舞台 桌椅,368,1,http://venue.huodongxing.com/venue/detail/790759526135
13,活动行-活动场地,福田区,MEANINGTOWN名堂共享空间,May,15767***445,分享会/沙龙 发布会 课程,3000元/半天 起,300 平米起,150 人,福田区彩田路3001号,投影设备 银幕 音响 麦克风 WIFI 黑白板 桌椅 LED屏,1109,2,http://venue.huodongxing.com/venue/detail/420732202021
14,活动行-活动场地,福田区,洛客邦德馆,苏生,13392***070,商务活动 分享会/沙龙 发布会 课程,4000元/半天 起,270 平米起,220 人,深圳福田区振华西路设计之都5栋一层洛客邦德馆,投影设备 银幕 音响 麦克风 WIFI 茶歇 餐饮 讲台 桌椅 LED屏,1486,37,http://venue.huodongxing.com/venue/detail/930698802866
15,活动行-活动场地,福田区,深圳yeswedo福保国际·优客工场,李慧玲,18129***140,分享会/沙龙 发布会 课程,300元/小时 起,200 平米起,120 人,深圳市福田区保税区桃花路8号中天元物流大厦C栋8层,投影设备 音响 麦克风 WIFI 茶歇 餐饮 舞台灯 桌椅,724,1,http://venue.huodongxing.com/venue/detail/250752783932
16,活动行-活动场地,福田区,修竹书院,林南,13928***032,聚会 DIY 体验 分享会/沙龙,600元/半天 起,200 平米起,30 人,深圳市福田区梅林龙尾路咏山名苑四号商铺修竹书院,投影设备 音响 麦克风 WIFI 茶歇 餐饮 桌椅,644,1,http://venue.huodongxing.com/venue/detail/950752027102
17,活动行-活动场地,福田区,T+SPACE领创空间,孙潇逸,15007***999,商务活动 分享会/沙龙 发布会 课程,3000元/天 起,130 平米起,120 人,广东省深圳市福田区沙头街道天安科技创业园大厦A座501,投影设备 音响 麦克风 WIFI 黑白板 桌椅,386,1,http://venue.huodongxing.com/venue/detail/440748916401
18,活动行-活动场地,福田区,赛格众创空间,赛格众创空间,18620***271,商务活动 分享会/沙龙 课程,800元/天 起,4000 平米起,170 人,深圳市福田区华强北赛格广场12F,投影设备 银幕 音响 麦克风 WIFI 茶歇 餐饮 停车场 黑白板 舞台灯 舞台 桌椅 电视 LED屏,1554,28,http://venue.huodongxing.com/venue/detail/740699962583
19,活动行-活动场地,福田区,深圳文化产权交易所二楼路演大厅、六楼会议中心,冯小姐,0755-***66999,分享会/沙龙 发布会 课程,500元/小时 起,350 平米起,100 人,深圳市福田区滨河大道5008号（原深装集团大厦）,投影设备 音响 麦克风 WIFI 黑白板 舞台灯 舞台 桌椅,254,1,http://venue.huodongxing.com/venue/detail/710745832016
20,活动行-活动场地,福田区,腾讯视频好时光,Sunny,13725***097,商务活动 分享会/沙龙 发布会,600元/小时 起,430 平米起,130 人,深圳市福田区梅林卓悦汇购物中心6楼,投影设备 银幕 音响 麦克风 WIFI 茶歇 餐饮 停车场 黑白板 讲台 舞台 桌椅 电视,1325,35,http://venue.huodongxing.com/venue/detail/660722076039
21,活动行-活动场地,福田区,MAPLECOFFEE,王小姐,13699***328,聚会 DIY 体验 分享会/沙龙,500元/半天 起,150 平米起,140 人,深圳市福田区桂花路5号福朋喜来登酒店6楼,投影设备 音响 麦克风 WIFI 茶歇 黑白板 桌椅,575,0,http://venue.huodongxing.com/venue/detail/170738364091
22,活动行-活动场地,福田区,创意园图书馆,Amy,18688***614,聚会 商务活动 团建 DIY 体验 分享会/沙龙 发布会 课程 会议/论坛 现场演出 展览 集市 路演 亲子 读书会 年会 其他,"1500元/半天 起
特色活动有折扣",200 平米起,100 人,文化创意园,投影设备 银幕 音响 麦克风 WIFI 茶歇 停车场 黑白板 舞台灯 讲台 舞台 桌椅,8,0,http://venue.huodongxing.com/venue/detail/920998894590
23,活动行-活动场地,福田区,新空间,,***,课程 会议/论坛 路演,88元/天 起,60 平米起,30 人,车公庙安华工业区4栋东座718,音响 麦克风 WIFI 桌椅 电视,7,0,http://venue.huodongxing.com/venue/detail/250996143628
24,活动行-活动场地,福田区,晟空间,常思,19866***986,聚会 商务活动 团建 DIY 体验 分享会/沙龙 发布会 课程 会议/论坛 现场演出 展览 集市 赛事 路演 轰趴 亲子 读书会 年会 其他,"3000元/天 起
1.多功能区，半天2000元/全天3000元，可用面积共140平，有舞台/麦/桌椅；风格：明亮文艺 2.小剧场区域，半天4000元/全天7000元，可用面积130平，有舞台/麦/桌椅/LED/灯光/音响：风格：设备齐全，适合小型演出。 3.VIP厅，半天700元/全天1000元，可用面积50平，有化妆台/沙发/精美装修；风格：网红打卡，适合拍摄。 4.整租，半天5000元/全天9000元，可用面积400平。上述三项全部包含。 5.风格小前厅及门前区域，可用面积70平，租场地免费使用，可摆放签到版，广告位等物料。 【适用于：品牌活动/会议/拍摄/团建/脱口秀/话剧/亲自/工作坊/主题活动】",400 平米起,200 人,艺晟文化创意产业园413栋3楼,音响 麦克风 WIFI 茶歇 餐饮 舞台灯 讲台 舞台 桌椅 LED屏,3,0,http://venue.huodongxing.com/venue/detail/670990863330
25,活动行-活动场地,福田区,微时光美学生活馆,深圳微时光,13077***724,分享会/沙龙,800元/小时 起,100 平米起,100 人,石厦北三街星座传奇裙楼微时光美学生活馆,投影设备 银幕 音响 麦克风 WIFI 茶歇 餐饮 停车场 黑白板 舞台灯 舞台 桌椅 电视 LED屏,29,0,http://venue.huodongxing.com/venue/detail/140987735765
26,活动行-活动场地,福田区,“919小馆的茶”茶空间适合25以下沙龙、分享会和会议,919小馆的茶,15112***588,分享会/沙龙 会议/论坛,"450元/小时 起
1.会议场地按450元/小时收取（人数<=25人），人数多于25人收取茶位28元/位； 2.提供两道茶水：茉莉龙珠和陈皮白茶（可续）； 3.提供6道茶点（每道三份，如添加瓜子、花生等是每份5元，杏脯、葡萄干等是每份20元）； 4.会议时长会前或后松动半小时，超时多于半小时，按每小时200元收取场地费； 5.如需白板投影需要提前和小馆工作人员沟通； 6.确定会议场地预约，需要支付大约1/3的费用做定金； 定金不可退，如遇到特殊情况需要调整会议时间，可提前与工作人员沟通确定。",50 平米起,25 人,新天世纪商务中心C座1012室,投影设备 WIFI 茶歇 停车场 桌椅,52,0,http://venue.huodongxing.com/venue/detail/290977444842
27,活动行-活动场地,福田区,菩素文化会所,Nancy,18128***117,聚会 商务活动 团建 DIY 体验 分享会/沙龙 课程 会议/论坛 亲子 读书会 年会 其他,"600元/半天 起
按空间大小标准收费，分小中大型商务空间，费用300--10000元半天。",600 平米起,10000 人,第一世界广场,投影设备 银幕 音响 麦克风 WIFI 茶歇 餐饮 黑白板 讲台 桌椅 LED屏,13,0,http://venue.huodongxing.com/venue/detail/150956549448
28,活动行-活动场地,福田区,鹿柚共享咨询室,鹿柚心理,18476***027,聚会 分享会/沙龙 课程 读书会 其他,"60元/小时 起
一号房间 60元/小时 二号房间 60元/小时 客厅场地 100元/小时 具体请咨询【18476496027】手机微信同号",50 平米起,10 人,皇庭彩园第一棟27楼27F鹿柚心理工作室,音响 WIFI 桌椅 电视,47,0,http://venue.huodongxing.com/venue/detail/870933116732
29,活动行-活动场地,福田区,可意会众创服务空间,可意会众创服务空间,17720***193,聚会 商务活动 团建 DIY 体验 分享会/沙龙 发布会 课程 会议/论坛 展览 轰趴 年会,"3888元/半天 起
标价3888为3+1，即4小时，人数不限",1280 平米起,500 人,市花路25号利保义生物工程大厦B座209,投影设备 银幕 音响 麦克风 WIFI 茶歇 餐饮 黑白板 舞台灯 讲台 舞台 桌椅 电视,51,1,http://venue.huodongxing.com/venue/detail/590917457165
30,活动行-活动场地,福田区,BEEPLUS深圳财富大厦空间,陈施慧,18823***677,聚会 商务活动 DIY 体验 分享会/沙龙 发布会 课程 会议/论坛 展览 读书会,"3500元/小时 起
二楼大厅（剧院式130人，酒廊式99人）3500元/小时，会议室（剧院式16位，董事会议式10位）450元/小时，会议室（剧院式30人，董事会议式20人）900元/小时，会议室（剧院式45人，董事会议式30人）1350元/小时，会议室（董事会议式18人）800元/小时。",100 平米起,100 人,深圳市福田区财富大厦1-3楼,投影设备 银幕 音响 麦克风 WIFI 停车场 黑白板 桌椅 电视 LED屏,38,0,http://venue.huodongxing.com/venue/detail/760919808959
31,活动行-活动场地,福田区,天台时光SpaceTClub团建聚会,,,,,300 平米起,100 人,八卦岭八卦五街光悦岭创大厦7楼,,,,http://venue.huodongxing.com/venue/detail/850899911850
32,活动行-活动场地,福田区,腾讯WeSpace（深圳）,腾讯WeSpace,17727***242,聚会 商务活动 分享会/沙龙 发布会 现场演出 展览 集市 赛事 路演 轰趴 年会,"37600元/天 起
【周末及节假日：周五到周日】 We剧场+艺术展厅（1280㎡）53600元/日起(含配套设备) We剧场（630㎡） 47600元/日起(含配套设备) 艺术展厅（650㎡） 10000元/日起(不含配套设备) 【工作日：周一到周四】 We剧场+艺术展厅（1280㎡） 37600元/日起(含配套设备) We剧场（630㎡） 33600元/日起(含配套设备) 艺术展厅（650㎡） 10000元/日起(不含配套设备) 备注： 1、 以上报价均为含税报价，可开具专用/普通发票。 2、 以上报价中所包含内容，请参考《场地配套设备》表格；除基础配套外，可提供相应增值项目供选择，费用额外收取 3、 付款方式：保证金为总金额的30%即锁定档期，活动前2日付完余款并再收取1万元布场押金（含电费清算押金、卫生清洁押金），押金将在活动结束验收后15日内退还。 4、  场馆使用时间不足1天按1天计算，可进场时间为4:00am，要求撤场完成时间为次日3:00am。若需超时进行布场或彩排，在前后未有档期的情况下，可申请前半日或后半日时间进行布场、彩排或撤场，按单日场地费用的 50%收取； 5、 中央空调及商场走道照明关闭时间：周一至周四20:30pm，周五至周日22:00pm，如需超时空调延时费1500 元/小时，公区照明延时费100元/小时，提前1日填写申请表缴费；",1400 平米起,500 人,华富街道莲花一村小区深业上城CEEC（LOft-4）4楼,投影设备 音响 麦克风 WIFI 茶歇 餐饮 停车场 舞台灯 舞台 桌椅 LED屏,77,2,http://venue.huodongxing.com/venue/detail/540892251762
33,活动行-活动场地,福田区,共享心理咨询/小组活动场地,许可钦,13066***336,分享会/沙龙 亲子,350元/天 起,18 平米起,10 人,建业大厦,,40,0,http://venue.huodongxing.com/venue/detail/500878580402
34,活动行-活动场地,福田区,知一艺术心理,林也,13670***523,聚会 DIY 体验 分享会/沙龙 课程 亲子 读书会,"500元/天 起
本空间有沙龙区和咨询室可以单独共享，价格详情以具体咨询为主。",80 平米起,15 人,都市阳光名苑2座29D,音响 WIFI 茶歇 停车场,69,0,http://venue.huodongxing.com/venue/detail/430868441133
35,活动行-活动场地,福田区,深圳刘老根城市剧院剧场,郭先生,18926***494,聚会 商务活动 团建 DIY 体验 分享会/沙龙 发布会 会议/论坛 现场演出 展览 赛事 路演 轰趴 亲子 读书会 年会,"50000元/半天 起
该价格为白天4小时，8:30:12:30/12:30-16:30，白天8小时为8万元，包含舞台声光电全套设备。",1300 平米起,500 人,红荔西路5001号现代演艺中心2楼,银幕 音响 麦克风 WIFI 茶歇 餐饮 舞台灯 讲台 舞台 桌椅 LED屏,26,0,http://venue.huodongxing.com/venue/detail/430863458930
36,活动行-活动场地,福田区,中电信息国际创客中心,宋爽爽,13590***166,分享会/沙龙 课程 会议/论坛 路演,"200元/小时 起
大会议室200/h(45平）,小会议室120/h（21.6平）",45 平米起,20 人,华发北路桑达雅苑三楼中电信息国际创客中心A02,投影设备 音响 麦克风 WIFI 黑白板 桌椅,51,1,http://venue.huodongxing.com/venue/detail/220851679944
37,活动行-活动场地,福田区,良沐健康管理,宁馨,13510***299,DIY 体验 分享会/沙龙 课程 亲子 读书会 其他,100元/小时 起,35 平米起,25 人,彩虹大厦(岗厦地铁A出口10米),投影设备 音响 WIFI 茶歇 黑白板 桌椅,73,0,http://venue.huodongxing.com/venue/detail/180850460555
38,活动行-活动场地,福田区,老船长,老船长,07552***6266,聚会 商务活动 分享会/沙龙,15000元/天 起,500 平米起,200 人,深圳市福田区八卦一路617栋艺华大厦1楼,投影设备 音响 麦克风 WIFI 茶歇 餐饮 桌椅,949,20,http://venue.huodongxing.com/venue/detail/190699021826
39,活动行-活动场地,福田区,深圳一舍大湾酒店,深圳溪涌,0755-***78153,分享会/沙龙 发布会 会议/论坛,5000元/天 起,140 平米起,80 人,广东省深圳市龙岗区葵涌街道官湖社区葵鹏公路136号,投影设备 银幕 音响 麦克风 WIFI 茶歇 餐饮 停车场 黑白板 舞台灯 讲台 舞台 桌椅 电视 LED屏,822,8,http://venue.huodongxing.com/venue/detail/360700263173
40,活动行-活动场地,福田区,修享茶空间,光磊,18588***907,聚会 分享会/沙龙 发布会,2000元/天 起,350 平米起,50 人,深圳市福田区福强路文化创意园A座105,投影设备 银幕 音响 麦克风 WIFI 茶歇 停车场 黑白板 舞台灯 讲台 舞台 桌椅 电视,1029,43,http://venue.huodongxing.com/venue/detail/710722331401
41,活动行-活动场地,福田区,T6艺术区,T6艺术区,0755-***77899,DIY 体验 展览 集市,15000元/天 起,800 平米起,500 人,深圳市南山区西丽同发路6号官龙名苑T6艺术区,投影设备 音响 麦克风 WIFI 停车场 舞台灯 舞台 LED屏,677,23,http://venue.huodongxing.com/venue/detail/380699756051
42,活动行-活动场地,福田区,观舍视觉艺术餐厅,观舍视觉艺术餐厅,0755-***61266,聚会 团建 分享会/沙龙,5000元/天 起,200 平米起,60 人,深圳市福田区红荔西路6026号关山月美术馆2楼北侧(少年宫中心书城),投影设备 音响 麦克风 WIFI 茶歇 餐饮 黑白板 桌椅,657,46,http://venue.huodongxing.com/venue/detail/830700479514
43,活动行-活动场地,福田区,有一手厨艺坊,有一手厨艺坊,0755-***78857,团建 分享会/沙龙,5000元/天 起,100 平米起,50 人,深圳市福田区彩田路彩福大厦聚福阁31B,投影设备 音响 麦克风 WIFI 茶歇 餐饮 桌椅,769,40,http://venue.huodongxing.com/venue/detail/290700438570
44,活动行-活动场地,福田区,深圳五洲宾馆,五洲宾馆,0755-***38000,聚会 分享会/沙龙 课程 会议/论坛,"12000元/天 起
此价格仅包含泰山厅使用",1700 平米起,2000 人,深圳市福田区深南大道6001号,投影设备 音响 麦克风 WIFI 餐饮 停车场,893,29,http://venue.huodongxing.com/venue/detail/510691381300
45,活动行-活动场地,福田区,深圳刘老根大舞台,深圳刘老根大舞台,0755-***66515,分享会/沙龙 现场演出,50000元/天 起,1080 平米起,600 人,深圳市福田区红荔西路莲花三村5003号,投影设备 银幕 音响 麦克风 WIFI 茶歇 停车场 舞台灯 讲台 舞台 桌椅 LED屏,640,39,http://venue.huodongxing.com/venue/detail/990700244553
46,活动行-活动场地,福田区,深圳大芬油画村,销售小姐,13916***676,团建 分享会/沙龙 发布会,5000元/天 起,500 平米起,400 人,深圳市龙岗区布吉沿河路与布沙路的交叉口,投影设备 音响 麦克风 WIFI 茶歇 餐饮 黑白板 桌椅,622,18,http://venue.huodongxing.com/venue/detail/530699713871
47,活动行-活动场地,福田区,苏荷文化紫荆会,苏荷文化紫荆会,0755-***39999,聚会 商务活动 分享会/沙龙,60000元/天 起,3000 平米起,500 人,深圳市福田区红荔西路香蜜湖娱乐城北区香蜜湖A1号,投影设备 音响 麦克风 WIFI 茶歇 餐饮 停车场 桌椅,1007,24,http://venue.huodongxing.com/venue/detail/570699042385
48,活动行-活动场地,福田区,蜂巢印象会所,蜂巢印象会所,07558***7871,聚会 分享会/沙龙,20000元/天 起,500 平米起,200 人,深圳市南山区海德三道（凯宾斯基酒店后面）保利文化广场3楼,投影设备 音响 麦克风 WIFI 茶歇 餐饮 桌椅,938,8,http://venue.huodongxing.com/venue/detail/550698997589
49,活动行-活动场地,福田区,深圳香蜜轩(世界之窗店),深圳香蜜轩(世界之窗店),0755-***83311,聚会 DIY 体验 分享会/沙龙,5000元/天 起,100 平米起,60 人,深圳市南山区世界之窗西侧欧洲印象1号楼,投影设备 音响 麦克风 WIFI 茶歇 餐饮 桌椅,1086,23,http://venue.huodongxing.com/venue/detail/740698751330
50,活动行-活动场地,福田区,A8live,华小姐,13502***815,发布会 会议/论坛 现场演出,40000元/天 起,1300 平米起,300 人,广东省深圳市南山区科园路1002号A8音乐大厦二层（滨河大道与科园路交界，导航：A8音乐大厦）,投影设备 音响 麦克风 WIFI 黑白板 桌椅,841,15,http://venue.huodongxing.com/venue/detail/240700196461
51,活动行-活动场地,福田区,爵士花园音乐酒吧,爵士花园,0755-***07644,聚会 商务活动 分享会/沙龙,5000元/天 起,100 平米起,100 人,深圳市南山区世界之窗欧陆风情酒吧街5号,投影设备 音响 麦克风 WIFI 茶歇 餐饮 黑白板,651,40,http://venue.huodongxing.com/venue/detail/380699031919
52,活动行-活动场地,福田区,翠园,翠园,0755-***06228,商务活动 分享会/沙龙 发布会,30000元/天 起,275 平米起,120 人,深圳市福田区华富路1018号中航华强北九方购物中心北区6层L601号铺,投影设备 音响 麦克风 WIFI 茶歇 餐饮 停车场,587,48,http://venue.huodongxing.com/venue/detail/760699052658
53,活动行-活动场地,福田区,香蜜轩,香蜜轩,07558***1888,聚会 团建 分享会/沙龙,5000元/天 起,100 平米起,100 人,广东省深圳市福田区深南大道6068号香蜜湖度假村内(近红荔西路),投影设备 音响 麦克风 WIFI 茶歇 餐饮 停车场 黑白板 舞台,1063,21,http://venue.huodongxing.com/venue/detail/280693045879
54,活动行-活动场地,福田区,OFFICEHOME,OFFICEHOME,13243***895,聚会 分享会/沙龙,5000元/天 起,100 平米起,100 人,深圳市福田区华强北街道滨河大道3155号深华工业大厦4楼南,投影设备 音响 麦克风 WIFI 茶歇 餐饮,1061,32,http://venue.huodongxing.com/venue/detail/480698751353
55,活动行-活动场地,福田区,深圳兰格伯爵精酿啤酒餐厅,深圳兰格伯爵精酿啤酒餐厅,0755-***81661,聚会 团建 分享会/沙龙,18000元/天 起,280 平米起,100 人,深圳市福田区深南大道6007号安徽大厦创展中心1楼,投影设备 音响 麦克风 WIFI 茶歇 餐饮 黑白板 桌椅,855,13,http://venue.huodongxing.com/venue/detail/470693246335
56,活动行-活动场地,福田区,亚特莱·TasteMoment,亚特莱·TasteMoment,0755-***56173,聚会 DIY 体验 分享会/沙龙,5000元/天 起,100 平米起,100 人,深圳市福田区侨香路1011号深圳1979文化生活新天地A区1栋1楼亚特莱,投影设备 音响 麦克风 WIFI 茶歇 餐饮 停车场 桌椅,1013,5,http://venue.huodongxing.com/venue/detail/660699713920
57,活动行-活动场地,福田区,Hopicafe霍比咖啡,霍比,0755-***01769,聚会 团建 分享会/沙龙,3000元/天 起,140 平米起,50 人,广东省深圳市福田区华强北振华路122号海外装饰大厦副楼,WIFI 茶歇 餐饮 桌椅,830,29,http://venue.huodongxing.com/venue/detail/670699052673
58,活动行-活动场地,福田区,戴言时尚创意体验室,戴言时尚创意体验室,15207***553,DIY 体验 分享会/沙龙,300元/小时 起,60 平米起,40 人,深圳市南山区粤海街道科智西路5-1（戴言时尚）,投影设备 音响 麦克风 WIFI 茶歇 餐饮,949,41,http://venue.huodongxing.com/venue/detail/710698782085
59,活动行-活动场地,福田区,山海盛宴,山海盛宴,18841***888,聚会 商务活动 分享会/沙龙,50000元/天 起,4000 平米起,1000 人,深圳市福田区福华一路城建购物公园北门,投影设备 音响 麦克风 WIFI 茶歇 餐饮 桌椅,661,40,http://venue.huodongxing.com/venue/detail/420698997644
60,活动行-活动场地,福田区,MMSPACE,MMSPACE,13080***123,分享会/沙龙 发布会,8000元/天 起,500 平米起,230 人,深圳市福田区深南路福安大厦首层102,投影设备 银幕 音响 麦克风 WIFI 茶歇 餐饮 停车场 黑白板,863,40,http://venue.huodongxing.com/venue/detail/710700479373
61,活动行-活动场地,福田区,深圳戴言有趣,深圳戴言有趣,13715***226,商务活动 分享会/沙龙,2000元/天 起,60 平米起,40 人,深圳市南山区粤海街道科智西路5-1,投影设备 音响 麦克风 WIFI 茶歇 桌椅,621,5,http://venue.huodongxing.com/venue/detail/830700254615
62,活动行-活动场地,福田区,Curator求睿,Curator求睿,15989***061,聚会 商务活动 分享会/沙龙,2000元/天 起,60 平米起,30 人,深圳市福田区福田街道金田路2028号皇庭V酒店40层4002,投影设备 音响 麦克风 WIFI 茶歇 餐饮,1193,44,http://venue.huodongxing.com/venue/detail/570698751128
63,活动行-活动场地,福田区,格兰云天,格兰云天,0755-***69898,发布会 会议/论坛 现场演出,7000元/天 起,450 平米起,300 人,广东省深圳市福田区深南中路3024号,投影设备 音响 麦克风 WIFI 茶歇 餐饮 黑白板 桌椅,751,47,http://venue.huodongxing.com/venue/detail/320700197018
64,活动行-活动场地,福田区,深圳乐舞汇,深圳乐舞汇,18902***766,聚会 团建 分享会/沙龙,2200元/天 起,100 平米起,50 人,深圳市福田区福虹路世贸广场大厦B座22楼22i室,投影设备 音响 麦克风 WIFI 舞台灯 舞台 桌椅,787,45,http://venue.huodongxing.com/venue/detail/940699952032
65,活动行-活动场地,福田区,比特咖啡创客空间,比特咖啡创客空间,07552***8069,DIY 体验 分享会/沙龙,5000元/天 起,100 平米起,100 人,深圳市南山区科兴路10号科技园文化广场2F,投影设备 音响 麦克风 WIFI 茶歇 餐饮 停车场,722,21,http://venue.huodongxing.com/venue/detail/520693045926
66,活动行-活动场地,福田区,f518时尚创意园,余金国,13632***852,团建 分享会/沙龙 发布会,25000元/天 起,1200 平米起,800 人,广东省深圳市宝安区西乡宝源路,投影设备 音响 麦克风 WIFI 黑白板 桌椅,873,30,http://venue.huodongxing.com/venue/detail/200699745962
67,活动行-活动场地,福田区,深圳嘉行文化艺术生活馆,深圳嘉行文化艺术生活馆,07552***8898,DIY 体验 分享会/沙龙 课程,3000元/天 起,240 平米起,180 人,深圳市福田区景田东路32号景莲花园2楼(深圳商报社),投影设备 银幕 音响 麦克风 WIFI 茶歇 黑白板 桌椅 LED屏,1053,12,http://venue.huodongxing.com/venue/detail/470693266352
68,活动行-活动场地,福田区,联盟电竞（赛格旗舰店）,联盟电竞（赛格旗舰店）,0755-***26579,现场演出 赛事,22000元/天 起,400 平米起,200 人,深圳市福田区华强北赛格工业大厦3楼,投影设备 音响 麦克风 WIFI 停车场 桌椅 LED屏,1003,9,http://venue.huodongxing.com/venue/detail/470700014519
69,活动行-活动场地,福田区,深圳e当代美术馆,深圳e当代美术馆,0755-***77907,分享会/沙龙 课程 展览,50000元/天 起,1400 平米起,500 人,广东省深圳市福田保税区槟榔道创意保税园一层,投影设备 音响 麦克风 WIFI 停车场 黑白板 舞台灯 桌椅,1001,50,http://venue.huodongxing.com/venue/detail/840693055936
70,活动行-活动场地,福田区,深圳海雅大剧院,余经理,13058***885,分享会/沙龙 发布会 会议/论坛,100000元/天 起,5000 平米起,2500 人,广东省深圳市宝安区建安一路海雅缤纷城3楼,投影设备 音响 麦克风 WIFI 茶歇 餐饮 黑白板 桌椅,601,26,http://venue.huodongxing.com/venue/detail/610699713991
71,活动行-活动场地,福田区,菇记音乐餐厅,菇记音乐餐厅,0755-***58833,聚会 团建 分享会/沙龙,20000元/天 起,300 平米起,200 人,深圳市福田区华发北路9号山水时尚酒店3楼,投影设备 音响 麦克风 WIFI 茶歇 餐饮 黑白板 桌椅,821,11,http://venue.huodongxing.com/venue/detail/570698813132
72,活动行-活动场地,福田区,BarLeo,BarLeo,0755-***86260,聚会 分享会/沙龙,5000元/天 起,143 平米起,110 人,深圳市福田区深南中路1095号新城市广场酒吧街,投影设备 音响 麦克风 WIFI 茶歇 餐饮 舞台灯 舞台 桌椅,650,20,http://venue.huodongxing.com/venue/detail/530700428236
73,活动行-活动场地,福田区,汇咖啡城市汇客厅,汇咖啡城市汇客厅,13535***251,分享会/沙龙 发布会,3000元/天 起,180 平米起,60 人,深圳市南山区科苑路1003号软件产业基地1栋C座1楼,投影设备 音响 麦克风 WIFI 茶歇 餐饮,670,47,http://venue.huodongxing.com/venue/detail/340698761426
74,活动行-活动场地,福田区,柏瑞思酒窖,柏瑞思酒窖,0755-***23233,聚会 团建 分享会/沙龙,5000元/天 起,300 平米起,200 人,广东省深圳市福田区深圳1979文化生活新领域3楼,音响 麦克风 WIFI 茶歇 餐饮 桌椅,989,5,http://venue.huodongxing.com/venue/detail/940700469211
75,活动行-活动场地,福田区,深圳皇轩,陶经理,18128***182,分享会/沙龙 会议/论坛,15000元/天 起,280 平米起,150 人,广州省深圳市福田区福民路28号,投影设备 银幕 音响 麦克风 WIFI 茶歇 餐饮 停车场 黑白板 舞台灯 讲台 舞台 桌椅 电视 LED屏,937,43,http://venue.huodongxing.com/venue/detail/710699042533
76,活动行-活动场地,福田区,葵花公寓,葵花公寓,0755-***28888,聚会 团建 分享会/沙龙,3000元/天 起,130 平米起,100 人,广东省深圳市福田区石厦北一街,投影设备 音响 麦克风 WIFI 黑白板 桌椅,877,18,http://venue.huodongxing.com/venue/detail/450699052782
77,活动行-活动场地,福田区,深圳暂停文化艺术馆,钟彩闻,13924***622,聚会 团建 分享会/沙龙,"20000元/天 起
价格浮动面议",400 平米起,250 人,广东省深圳市福田区花卉世界公园路8号,投影设备 银幕 音响 麦克风 WIFI 茶歇 餐饮 黑白板 桌椅,951,47,http://venue.huodongxing.com/venue/detail/210699063538
78,活动行-活动场地,福田区,得一轩,得一轩,0755-***11333,聚会 分享会/沙龙,5000元/天 起,100 平米起,100 人,深圳市福田区新闻路晶城广场102-202号商铺,投影设备 音响 麦克风,897,49,http://venue.huodongxing.com/venue/detail/420700263157
79,活动行-活动场地,罗湖区,MFG创客联邦,Mika,13715***962,聚会 DIY 体验 分享会/沙龙 发布会 课程 会议/论坛 现场演出 赛事,1000元/小时 起,200 平米起,100 人,罗湖区宝安南路都市名园B栋5楼B区,投影设备 银幕 音响 麦克风 WIFI 茶歇 餐饮 黑白板 舞台灯 讲台 舞台 桌椅 电视,439,2,http://venue.huodongxing.com/venue/detail/490839154099
80,活动行-活动场地,罗湖区,康美物语高端接待会所,陈琪瑶,13590***792,分享会/沙龙 发布会 课程 路演,1000元/4h 起,300 平米起,80 人,深圳市罗湖区梨园路8号HALO广场1期701,投影设备 音响 麦克风 WIFI 黑白板 桌椅,903,3,http://venue.huodongxing.com/venue/detail/670793083223
81,活动行-活动场地,罗湖区,迈思空间·深城投中心,迈思空间,0755-***23323,分享会/沙龙 课程 会议/论坛 路演,"1元/天 起
活动经评估确认后有机会免费使用路演厅，具体使用细节请联系场地工作人员，0755-25123323。",200 平米起,50 人,深圳市罗湖区滨河大道1011号深城投中心7楼,投影设备 音响 麦克风 WIFI 茶歇 餐饮 舞台,717,3,http://venue.huodongxing.com/venue/detail/630775550314
82,活动行-活动场地,罗湖区,深圳尚创峰,深圳尚创峰,15986***663,商务活动 分享会/沙龙 发布会,"2200元/半天 起
2200半天 3500一天",160 平米起,120 人,深圳市罗湖区人民南路2002号佳宁娜广场三层,投影设备 音响 麦克风 WIFI,814,47,http://venue.huodongxing.com/venue/detail/280699993467
83,活动行-活动场地,罗湖区,书啡的世界·创客空间,林丽丽,13692***726,聚会 商务活动 团建 DIY 体验 分享会/沙龙 发布会 课程 会议/论坛 读书会 年会,"3000元/天 起
纯场地使用费:500/小时 消费满3000以上免场地使用费 饮品+甜品 :30-50/人 饮品+甜品+自助餐 :120-300/人",400 平米起,100 人,深圳市罗湖区罗芳路122号南方大厦A栋一楼,投影设备 音响 麦克风 WIFI 茶歇 餐饮 停车场 黑白板 桌椅 电视,158,0,http://venue.huodongxing.com/venue/detail/650940506014
84,活动行-活动场地,罗湖区,AIFEE.艾神家咖啡,周远斌,17620***552,聚会 团建 分享会/沙龙 发布会 课程 现场演出 轰趴 读书会,"5000元/天 起
公司团建定制 涉及内容：咖啡饮料酒水蛋糕场地 室投大电视 写字 板 超大夜景大阳台 本店提供 啤酒 不定期有live演出（可预订） 套餐内容：6-10人会议388起 大厅10-25人688起 阳台20-30人998起 拿铁 美式 摩卡《三选一》 分手快乐 气泡水 柠檬茶 （三选一） 布丁蛋糕 慕斯蛋糕 蛋卷（三选一）",300 平米起,50 人,中建大厦26楼,音响 麦克风 WIFI 茶歇 餐饮 停车场 黑白板 桌椅 电视,15,0,http://venue.huodongxing.com/venue/detail/630910219193
85,活动行-活动场地,罗湖区,格式时尚发布中心,宋小姐,18576***007,商务活动 分享会/沙龙 发布会 课程 会议/论坛 现场演出 展览 赛事 年会,"150000元/天 起
* 场地配备全套LED、灯光、音响、液压升降舞台、全息投影设备",1500 平米起,1500 人,东晓街道布心路3008号IBCMALL4F格式时尚发布中心,投影设备 音响 麦克风 WIFI 餐饮 舞台灯 舞台 桌椅 LED屏,59,2,http://venue.huodongxing.com/venue/detail/230847612513
86,活动行-活动场地,罗湖区,光明农场,光明农场,0755-***30022,聚会 分享会/沙龙,5000元/天 起,340 平米起,130 人,深圳市光明新区碧水路光明农场大观园,投影设备 音响 麦克风 WIFI 茶歇 餐饮,778,34,http://venue.huodongxing.com/venue/detail/450700438536
87,活动行-活动场地,罗湖区,艇上人家,艇上人家,07552***9599,聚会 商务活动 分享会/沙龙,30000元/天 起,1800 平米起,600 人,深圳市罗湖区笋岗东路2121号华凯大厦二层,投影设备 音响 麦克风 WIFI 茶歇 餐饮 停车场 桌椅,974,14,http://venue.huodongxing.com/venue/detail/450699053347
88,活动行-活动场地,罗湖区,3D+创客汇,3D+创客汇,0755-***10562,分享会/沙龙 发布会,2000元/天 起,279 平米起,100 人,深圳市罗湖区展艺路艺览中心2楼,投影设备 音响 麦克风 WIFI 停车场 黑白板 讲台 桌椅,1057,48,http://venue.huodongxing.com/venue/detail/800693056048
89,活动行-活动场地,罗湖区,稻香迎囍皇宫,稻香迎囍皇宫,0755-***67211,聚会 团建 分享会/沙龙,30000元/天 起,500 平米起,300 人,深圳市罗湖区宝安南路1881号万象城5楼(近大剧院地铁站C出口),投影设备 银幕 音响 麦克风 WIFI 茶歇 餐饮 停车场 黑白板 桌椅,851,42,http://venue.huodongxing.com/venue/detail/450698813238
90,活动行-活动场地,罗湖区,律簇法律金融书吧,律簇法律金融书吧,0755-***18985,聚会 分享会/沙龙,5000元/天 起,150 平米起,120 人,深圳市罗湖区深南东路5002号地王大厦G401层,投影设备 音响 麦克风 WIFI 茶歇 餐饮,959,29,http://venue.huodongxing.com/venue/detail/930698761534
91,活动行-活动场地,罗湖区,深圳罗湖体育馆,深圳罗湖体育馆,0755-***46688,发布会 会议/论坛 现场演出,20000元/天 起,2500 平米起,2500 人,广东省深圳市罗湖区罗沙公路经二路48号,投影设备 银幕 音响 麦克风 WIFI 茶歇 餐饮 停车场 黑白板 舞台灯 讲台 桌椅 电视 LED屏,673,33,http://venue.huodongxing.com/venue/detail/220699993416
92,活动行-活动场地,罗湖区,梧桐臻园会所,梧桐臻园会所,0755-***93560,聚会 商务活动 分享会/沙龙,6000元/天 起,180 平米起,200 人,深圳市罗湖区大望梧桐山望桐新路5号阔太时尚创意园内,投影设备 音响 麦克风 WIFI 茶歇 餐饮 桌椅,769,7,http://venue.huodongxing.com/venue/detail/920699744595
93,活动行-活动场地,罗湖区,深圳地王观光·深港之窗,深圳地王观光·深港之窗,0755-***61669,发布会 课程 会议/论坛,5000元/天 起,110 平米起,110 人,广东省深圳市罗湖区深南东路5002号地王大厦69层,投影设备 音响 麦克风 WIFI 餐饮 黑白板 桌椅,717,44,http://venue.huodongxing.com/venue/detail/890699993461
94,活动行-活动场地,罗湖区,藏途家肴·墨脱石锅,藏途家肴·墨脱石锅,0755-***88581,聚会 团建 分享会/沙龙,90元/人 起,500 平米起,300 人,广东省深圳市罗湖区钻石广场1F,投影设备 音响 麦克风 WIFI 茶歇 餐饮 黑白板 桌椅,1034,36,http://venue.huodongxing.com/venue/detail/520700479357
95,活动行-活动场地,罗湖区,DotsCoffee,DotsCoffee,07558***7090,聚会 分享会/沙龙,5000元/天 起,100 平米起,100 人,深圳市罗湖区深南东路2023号广深宾馆1楼(近南极路),投影设备 音响 麦克风 WIFI 茶歇 餐饮 黑白板 桌椅,980,49,http://venue.huodongxing.com/venue/detail/400700424331
96,活动行-活动场地,南山区,领感EASYWORK联合办公空间,领感,18902***889,聚会 商务活动 团建 DIY 体验 分享会/沙龙 发布会 课程 现场演出 集市 赛事 路演 轰趴 亲子 读书会 年会 其他,"1200元/半天 起
工作日：800元/2小时，1200元/半天，2000元/天 周末及节假日：1000元/2小时，1500元/半天，2500元/天",180 平米起,100 人,科发路1号,投影设备 银幕 音响 麦克风 WIFI 餐饮 停车场 黑白板 讲台 舞台 桌椅,633,7,http://venue.huodongxing.com/venue/detail/380901793680
97,活动行-活动场地,南山区,讯美科技广场会议中心,李小姐,13267***207,聚会 商务活动 团建 分享会/沙龙 发布会 课程 会议/论坛 展览 读书会 年会,"5550元/半天 起
1、会议室起订时间为，半天时间（8:00am-12:00am、14:00pm-18:00pm、18:00pm-22:00pm），全天为9:00am-18:00pm、14:00pm-22:00pm)起始、结束时间可依据客户需求及会议室预订情况调整，总时长不变。 2、300人规模大会议室半天起订，起订价格为8000元，全天价格为15000元；180人、120人、60人、30人会议室价格请来电详询。 3、在后续时段会议室无预约时方可延时，运营方会提前告知客户可否延时。 3、60人规模会议室、30人规模会议室如按小时预订，2小时起订。 4、以上价格为标准价格，推广期间具体信息请详询，以园区运营方信息为准。",410 平米起,300 人,深圳市南山区粤海街道科苑路8号讯美科技广场3号楼4楼,投影设备 银幕 音响 麦克风 WIFI 茶歇 餐饮 停车场 舞台灯 讲台 舞台 桌椅 LED屏,472,5,http://venue.huodongxing.com/venue/detail/720856986909
98,活动行-活动场地,南山区,小NO厨FUN研究所,小NO,13434***931,聚会 团建 DIY 体验 分享会/沙龙 课程 会议/论坛 轰趴 亲子 读书会 年会 其他,3000元/天 起,400 平米起,50 人,南海大道1055号TCL科技大厦B栋404,投影设备 音响 麦克风 WIFI 茶歇 餐饮 黑白板 桌椅,209,0,http://venue.huodongxing.com/venue/detail/850866295370
99,活动行-活动场地,南山区,侨城会馆,世介,13450***418,聚会 商务活动 团建 分享会/沙龙 发布会 课程 会议/论坛 路演 亲子 年会 其他,"3800元/天 起
场地分为茶室使用，沙龙培训市使用，会议室使用，会议室1000元/半天 茶室1000/半天 60人沙龙会议室3800/天",500 平米起,60 人,华侨城锦绣北街2号,,171,0,http://venue.huodongxing.com/venue/detail/140951009630
100,活动行-活动场地,南山区,πSPACE,π SPACE,18926***775,聚会 商务活动 团建 DIY 体验 分享会/沙龙 发布会 课程 会议/论坛 现场演出 展览 赛事 路演 轰趴 读书会 年会 其他,"1000元/时 起
价格为标准价，根据时长会有优惠价格； 如果需要免费使用场地，请联系后具体沟通",3000 平米起,350 人,深圳市南山区智恒产业园30栋6层,投影设备 音响 麦克风 WIFI 茶歇 餐饮 停车场 黑白板 舞台灯 讲台 舞台 桌椅 电视,254,2,http://venue.huodongxing.com/venue/detail/870955858098
101,活动行-活动场地,南山区,深圳市威廉国际马术中心,张慧文,18718***161,聚会 商务活动 团建 DIY 体验 分享会/沙龙 发布会 课程 会议/论坛 现场演出 展览 集市 赛事 路演 轰趴 亲子 读书会 年会 其他,"298元/小时 起
面议",30000 平米起,800 人,招商街道蛇口海湾路4号,投影设备 银幕 音响 麦克风 WIFI 茶歇 餐饮 停车场 黑白板 讲台 桌椅 电视 LED屏,588,3,http://venue.huodongxing.com/venue/detail/330872996891
102,活动行-活动场地,南山区,深圳湾区科创空间,Daisy,18566***877,聚会 商务活动 团建 分享会/沙龙 发布会 课程 会议/论坛 现场演出 路演 轰趴 读书会 年会,"5000元/天 起
VIP会议室可容纳30人，800元/小时，2小时起租。 活动路演室可容纳50人，400元/小时，2小时起租。",300 平米起,50 人,梦海大道卓越前海壹号B座4层,投影设备 银幕 音响 麦克风 WIFI 茶歇 餐饮 停车场 黑白板 讲台 桌椅 LED屏,121,1,http://venue.huodongxing.com/venue/detail/680928498234
103,活动行-活动场地,南山区,隐遁茶空间,张菲,13392***231,聚会 商务活动 团建 DIY 体验 分享会/沙龙 发布会 课程 会议/论坛 路演 亲子 读书会 年会,"2500元/半天 起
全天费用为5000元，8小时，半天费用为2500元，4小时，超时计费。 另有小型茶室时租100-200元。",250 平米起,150 人,隐遁茶空间,银幕 音响 麦克风 WIFI 茶歇 停车场 黑白板 讲台 舞台 桌椅 LED屏,141,2,http://venue.huodongxing.com/venue/detail/410922013412
104,活动行-活动场地,南山区,豪威科技大厦X-VALUE,陈小姐,13006***270,聚会 商务活动 团建 DIY 体验 分享会/沙龙 发布会 课程 会议/论坛 现场演出 展览 集市 赛事 路演 轰趴 亲子 读书会 年会 其他,1元/天 起,300 平米起,100 人,科技南八路2号豪威科技大厦13楼,投影设备 银幕 音响 麦克风 WIFI 茶歇 餐饮 停车场 黑白板 讲台 舞台 桌椅 电视 LED屏,196,1,http://venue.huodongxing.com/venue/detail/990906599117
105,活动行-活动场地,南山区,慕兰荟,慕兰荟,13537***403,聚会 商务活动 团建 DIY 体验 分享会/沙龙 发布会 课程 会议/论坛 现场演出 展览 集市 赛事 路演 轰趴 亲子 读书会 年会,"50000元/天 起
价格视租赁面积与室内、室外、餐饮等要求而定",1200 平米起,200 人,粤海街道滨海社区白石路3939号怡化金融科技大厦501,投影设备 银幕 音响 麦克风 WIFI 茶歇 餐饮 停车场 黑白板 舞台灯 讲台 舞台 桌椅 LED屏,266,3,http://venue.huodongxing.com/venue/detail/270901860942
106,活动行-活动场地,南山区,万科云设计公社,向小姐,18629***817,聚会 商务活动 DIY 体验 分享会/沙龙 发布会 课程 会议/论坛 现场演出 展览 集市 路演 亲子 读书会 年会 其他,"1500元/小时 起
1. 场地按1小时为最低起租标准，按时租价收取（延时30分钟内不收取费用；超过30分钟但不足1小时的，按1小时收取；超过1小时即按2小时收费，依此类推。） 2. 此报价含税点，可开增值税专票/普票。 3. 上述场地租赁费用仅提供园区场地，不包含其他服务。 4. 以上收费标准只适用于运营方指定区域，最终解释权归运营管理中心所有。",220 平米起,300 人,留仙洞总部基地打石二路与创科路交汇处,投影设备 音响 麦克风 WIFI 停车场 黑白板 讲台 桌椅,230,2,http://venue.huodongxing.com/venue/detail/300902070409
107,活动行-活动场地,南山区,Topspace商务空间咖啡馆（英龙店）,Topspace商务空间咖啡馆,15118***511,聚会 商务活动 团建 DIY 体验 分享会/沙龙 发布会 课程 会议/论坛 路演 亲子 读书会 年会 其他,"2000元/天 起
Top space商务空间咖啡馆（天威店）包含路演报告厅可容纳人数100-150人（有外摆区域）、多功能会议室可容纳人数15-20人、洽谈室可容纳人数6-8人，详情可咨询商家",350 平米起,150 人,文心五路有线信息传输大厦5楼,投影设备 音响 麦克风 WIFI 茶歇 餐饮 停车场 黑白板 讲台 桌椅,424,4,http://venue.huodongxing.com/venue/detail/960879769223
108,活动行-活动场地,南山区,香港亚洲商学院深圳教学中心课室,张生,13316***407,分享会/沙龙 发布会 课程 会议/论坛 路演,2000元/半天 起,200 平米起,150 人,广东省深圳市南山区高新南七道虚拟大学园R2-B栋A201-201,音响 麦克风 WIFI 茶歇 黑白板 讲台 舞台 桌椅 LED屏,434,2,http://venue.huodongxing.com/venue/detail/190831768319
109,活动行-活动场地,南山区,南山科技寺,嘉裕,15875***531,聚会 商务活动 团建 分享会/沙龙 发布会 课程 会议/论坛 路演,"1000元/小时 起
【大厅】 ￥1500/小时 ￥10000/全天（9:00-18:00) ￥5000/半天（上午9:00-13:00，下午14:00-18:00） （提供额外30分钟布场，30分钟撤场） 【大会议室】 ￥1000/小时 ￥3500/全天，￥2500/半天（时间同上）",300 平米起,180 人,粤兴三道8号中国地质大学产学研基地A208,投影设备 银幕 音响 麦克风 WIFI 茶歇 桌椅 电视,415,2,http://venue.huodongxing.com/venue/detail/700838206221
110,活动行-活动场地,南山区,玖号馆,吴佳青,13510***641,聚会 商务活动 团建 DIY 体验 分享会/沙龙 发布会 课程 会议/论坛 展览 路演,5000元/天 起,370 平米起,30 人,深圳湾体育中心大足球场一楼停车场9号门—玖号馆,投影设备 银幕 音响 麦克风 WIFI 茶歇 餐饮 黑白板 桌椅 电视,302,0,http://venue.huodongxing.com/venue/detail/200837954817
111,活动行-活动场地,南山区,一刻间NapCafé,Oliver周先生,13723***177,聚会 DIY 体验 分享会/沙龙 课程 读书会,78元/时 起,16 平米起,12 人,广东深圳南山区科兴科学园A1栋107一刻间,投影设备 WIFI 茶歇 餐饮,947,3,http://venue.huodongxing.com/venue/detail/200810871157
112,活动行-活动场地,南山区,TCL大厦,ElishaWang,13120***519,聚会 分享会/沙龙 发布会 课程 会议/论坛 路演 轰趴,2000元/小时 起,130 平米起,100 人,广东省深圳市南山区高新南一道6号TCL大厦B座9层,投影设备 音响 麦克风 WIFI 茶歇 黑白板 桌椅 电视,317,0,http://venue.huodongxing.com/venue/detail/360809448988
113,活动行-活动场地,南山区,ATLASK'anteen寰图餐厅,王建翔,13812***441,商务活动 团建 分享会/沙龙 发布会 课程 会议/论坛 现场演出 年会,4000元/天 起,2200 平米起,400 人,深圳市南山区粤海街道海德三道166号航天科技广场裙楼4层B402,投影设备 银幕 音响 麦克风 WIFI 茶歇 餐饮 停车场 黑白板 舞台灯 讲台 舞台 桌椅 电视 LED屏,413,2,http://venue.huodongxing.com/venue/detail/150794557387
114,活动行-活动场地,南山区,派工场虚拟大学园社区,黄先生,18825***419,分享会/沙龙 发布会 路演,3000元/天 起,70 平米起,100 人,深圳市南山区高新南七道20号虚拟大学园R2-A栋7楼派工场,投影设备 银幕 音响 麦克风 WIFI 餐饮 黑白板 舞台灯 桌椅 电视,469,1,http://venue.huodongxing.com/venue/detail/670790916054
115,活动行-活动场地,南山区,派空间,李经理,15879***973,分享会/沙龙 发布会 课程 路演,"3000元/天 起
3000元/天、2000元/半天、50元/办公卡位",600 平米起,100 人,广东省深圳市南山区沙河街道侨香路香年广场C座902,投影设备 音响 麦克风 WIFI 茶歇 餐饮 黑白板 舞台灯 讲台 舞台 桌椅 电视 LED屏,569,0,http://venue.huodongxing.com/venue/detail/180772957844
116,活动行-活动场地,南山区,风火G&G创意社区,赵雅怡,15013***310,商务活动 分享会/沙龙 发布会 会议/论坛,10000元/天 起,300 平米起,1200 人,深圳市南山区招商街道荔园路9号风火G&amp;G创意社区,投影设备 银幕 音响 麦克风 WIFI 茶歇 餐饮 黑白板 桌椅 电视,419,1,http://venue.huodongxing.com/venue/detail/260772220432
117,活动行-活动场地,南山区,稷下Space,邱晓,13590***141,分享会/沙龙 课程 会议/论坛,100元/小时 起,130 平米起,60 人,深圳市南山区南头古城乐平街一坊22-1号,投影设备 音响 麦克风 WIFI 舞台 桌椅,389,3,http://venue.huodongxing.com/venue/detail/580765728748
118,活动行-活动场地,南山区,链创区块链加速器路演厅,吴婉清,18268***425,商务活动 分享会/沙龙 发布会 课程,1800元/半天 起,400 平米起,100 人,深圳市南山区海云路软件产业基地5C栋2F-3A,投影设备 音响 麦克风 WIFI 茶歇 黑白板 舞台灯 讲台 舞台 桌椅,440,1,http://venue.huodongxing.com/venue/detail/160762360837
119,活动行-活动场地,南山区,玩咖艺术空间,李小姐,18814***252,聚会 分享会/沙龙 发布会 课程,"3000元/天 起
500元/小时 3000元/天",600 平米起,100 人,深圳市南山区华侨城创意文化园北区A3栋320b玩咖艺术空间,投影设备 音响 麦克风 WIFI 茶歇 餐饮 黑白板 桌椅 电视,475,1,http://venue.huodongxing.com/venue/detail/510762113351
120,活动行-活动场地,南山区,Bee+南山G&G空间,戴先生,18666***535,商务活动 分享会/沙龙 发布会,"2000元/小时 起
3小时",300 平米起,150 人,深圳市南山区荔园路9号,投影设备 音响 麦克风 WIFI 茶歇 餐饮 黑白板 桌椅,499,1,http://venue.huodongxing.com/venue/detail/670759278858
121,活动行-活动场地,南山区,左巢商务社区,吴鑫,13316***737,商务活动 分享会/沙龙 发布会 课程,280元/小时 起,1000 平米起,100 人,深圳市南山区南海大道2163号来福士广场办公楼21楼左巢商务社区,投影设备 银幕 音响 麦克风 WIFI 黑白板 桌椅 电视 LED屏,696,4,http://venue.huodongxing.com/venue/detail/490758557319
122,活动行-活动场地,南山区,IDH星空路演厅,杨伟雄,13714***016,商务活动 分享会/沙龙 发布会,"3000元/半天 起
3000元/半天,6000元/一天",200 平米起,150 人,深圳市南山区软件产业基地5栋C座2楼,投影设备 音响 麦克风 WIFI 茶歇 餐饮 黑白板 讲台 桌椅 电视,416,5,http://venue.huodongxing.com/venue/detail/380757595198
123,活动行-活动场地,南山区,深圳yeswedo蛇口国际·优客工场,李慧玲,18129***140,分享会/沙龙 发布会 课程,"300元/小时 起
详细需要咨询",150 平米起,80 人,深圳市南山区招商街道太子路1号新时代广场14楼,投影设备 音响 麦克风 WIFI 茶歇 餐饮 黑白板 舞台灯 桌椅,353,1,http://venue.huodongxing.com/venue/detail/860752783931
124,活动行-活动场地,南山区,之上创意仓库,钟小姐,15099***842,聚会 DIY 体验 分享会/沙龙 现场演出 展览,"1000元/小时 起
1000元/小时（最低起1500/天）",600 平米起,100 人,深圳市南山区南山大道1105号海润工业区三楼,投影设备 银幕 音响 麦克风 WIFI 讲台 桌椅,1398,19,http://venue.huodongxing.com/venue/detail/580742466715
125,活动行-活动场地,南山区,雅匠创意空间,安小姐,18681***923,聚会 分享会/沙龙 课程,200元/小时 起,2000 平米起,100 人,深圳市南山区长园新材料港10栋1/2楼,投影设备 音响 麦克风 WIFI 讲台 舞台 桌椅 LED屏,602,0,http://venue.huodongxing.com/venue/detail/890734073083
126,活动行-活动场地,南山区,洛德雅医美中心,洛德雅医美中心,18018***886,聚会 商务活动 分享会/沙龙,"1元/天 起
免费",50 平米起,40 人,深圳市南山区城市山林商业区洛德雅医学美容中心1-2层,投影设备 银幕 音响 麦克风 WIFI 茶歇 餐饮 停车场 黑白板 讲台 桌椅 电视,1172,28,http://venue.huodongxing.com/venue/detail/330716549184
127,活动行-活动场地,南山区,纳微创谷路演厅,刘延伸,0755-***99966,分享会/沙龙 发布会,1800元/天 起,160 平米起,100 人,深圳市南山区深南大道9789号高新科技园德赛科技大赛2503A纳微创谷路演厅,投影设备 音响 麦克风 WIFI 茶歇 停车场 黑白板 桌椅,255,0,http://venue.huodongxing.com/venue/detail/220745076674
128,活动行-活动场地,南山区,yealife艺术空间,滕仲坤,18520***023,聚会 DIY 体验 分享会/沙龙,800元/小时 起,1000 平米起,100 人,深圳市南山区益田假日广场L4层yealife艺术空间,投影设备 音响 麦克风 WIFI 茶歇 餐饮 舞台灯 讲台 舞台 桌椅,365,0,http://venue.huodongxing.com/venue/detail/660743396842
129,活动行-活动场地,南山区,unic-living-museum创意生活咖啡馆,林梓烽,15112***577,聚会 商务活动 DIY 体验 分享会/沙龙 课程,"4000元/半天 起
整层半天8000元，全天12000元（具体优惠与场地负责人联系）",500 平米起,300 人,深圳市南山区西丽塘朗学苑大道1155号,投影设备 音响 麦克风 WIFI 茶歇 餐饮 桌椅,1154,10,http://venue.huodongxing.com/venue/detail/170688664429
130,活动行-活动场地,南山区,冠寓（南山蛇口店）,林晓华,13750***293,聚会 分享会/沙龙 课程,100元/小时 起,350 平米起,100 人,深圳市南山区蛇口太子东路水湾商贸大厦水湾路1号,投影设备 音响 麦克风 WIFI 桌椅,1367,14,http://venue.huodongxing.com/venue/detail/160725464884
131,活动行-活动场地,南山区,空体新媒体实验室,周子薇,13682***307,商务活动 分享会/沙龙 发布会,20000元/天 起,1480 平米起,400 人,深圳市南山区虚拟大学园R3-A栋一楼空体新媒体实验室,投影设备 银幕 音响 麦克风 WIFI 茶歇 餐饮 舞台灯 舞台 桌椅 LED屏,256,0,http://venue.huodongxing.com/venue/detail/190735289781
132,活动行-活动场地,南山区,华享众创空间,梁瑜洋,13631***676,商务活动 分享会/沙龙 课程 会议/论坛 其他,800元/天 起,400 平米起,100 人,南山区前海壹号1001B,投影设备 音响 麦克风 WIFI 停车场 黑白板 桌椅,5,0,http://venue.huodongxing.com/venue/detail/161001433727
133,活动行-活动场地,南山区,南山ECO国际会议中心-深圳湾卓越厅,丁亨龙,13927***157,聚会 商务活动 团建 DIY 体验 分享会/沙龙 发布会 课程 会议/论坛 现场演出 展览 集市 赛事 路演 轰趴 亲子 读书会 年会 其他,"6000元/天 起
包含：LED屏，音控设备，自助笔、纸取用盒，自助冷热水饮水机、共享充电；公共休息区，专用展区，广告机；",110 平米起,100 人,海天一路软件产业基地5B栋4楼,音响 麦克风 WIFI 茶歇 餐饮 停车场 黑白板 讲台 舞台 桌椅 电视 LED屏,1,0,http://venue.huodongxing.com/venue/detail/211001395019
134,活动行-活动场地,南山区,南山ECO国际会议中心-数字园智贤厅,丁亨龙,13927***157,聚会 商务活动 团建 DIY 体验 分享会/沙龙 发布会 课程 会议/论坛 现场演出 展览 集市 赛事 路演 轰趴 亲子 读书会 年会 其他,"8000元/天 起
包含：LED屏，音控设备，自助笔、纸取用盒，自助冷热水饮水机、共享充电；公共休息区，专用展区，广告机；",130 平米起,120 人,粤海街道高新南七道国家工程实验大楼A座4楼,音响 麦克风 WIFI 茶歇 餐饮 停车场 黑白板 讲台 舞台 桌椅 电视 LED屏,1,0,http://venue.huodongxing.com/venue/detail/151001395005
135,活动行-活动场地,南山区,南山ECO国际会议中心-科兴5号厅,丁亨龙,13927***157,聚会 商务活动 团建 DIY 体验 分享会/沙龙 发布会 课程 会议/论坛 现场演出 展览 集市 赛事 路演 轰趴 亲子 读书会 年会 其他,"10000元/天 起
价格包含：LED屏，音控设备，自助笔、纸取用盒，自助冷热水饮水机、共享充电；公共休息区，专用展区，广告机；",180 平米起,120 人,科苑路科兴科学园B4栋3楼,音响 麦克风 WIFI 茶歇 餐饮 停车场 黑白板 讲台 舞台 桌椅 电视 LED屏,2,0,http://venue.huodongxing.com/venue/detail/561001388692
136,活动行-活动场地,南山区,南山ECO国际会议中心-数字园数字厅,丁亨龙,13927***157,聚会 商务活动 团建 DIY 体验 分享会/沙龙 发布会 课程 会议/论坛 现场演出 展览 集市 赛事 路演 轰趴 亲子 读书会 年会 其他,"7000元/天 起
包含：LED屏，音控设备，自助笔、纸取用盒，自助冷热水饮水机、共享充电；公共休息区，专用展区，广告机；",120 平米起,120 人,粤海街道高新南七道国家工程实验大楼A座4楼,音响 麦克风 WIFI 茶歇 餐饮 停车场 黑白板 讲台 舞台 桌椅 电视 LED屏,2,0,http://venue.huodongxing.com/venue/detail/711001399111
137,活动行-活动场地,南山区,南山ECO国际会议中心-科兴阶梯报告厅,丁亨龙,13927***157,聚会 商务活动 团建 DIY 体验 分享会/沙龙 发布会 课程 会议/论坛 现场演出 展览 集市 赛事 路演 轰趴 亲子 读书会 年会 其他,"32000元/天 起
价格包含：LED屏，音控设备，矿泉水，休息室，自助笔、纸取用盒，自助冷热水饮水机、共享充电；公共休息区，专用展区，广告机；",500 平米起,397 人,科苑路科兴科学园B4栋1楼,银幕 音响 麦克风 WIFI 茶歇 餐饮 停车场 黑白板 舞台灯 讲台 舞台 桌椅 电视 LED屏,2,0,http://venue.huodongxing.com/venue/detail/251001384235
138,活动行-活动场地,南山区,南山ECO国际会议中心-深圳湾创新厅,丁亨龙,13927***157,聚会 商务活动 团建 DIY 体验 分享会/沙龙 发布会 课程 会议/论坛 现场演出 展览 集市 赛事 路演 轰趴 亲子 读书会 年会 其他,"10800元/天 起
包含:LED屏，音控设备，休息室，自助笔、纸取用盒，自助冷热水饮水机、共享充电；公共休息区，专用展区，广告机；",200 平米起,200 人,海天一路软件产业基地5B栋4楼,音响 麦克风 WIFI 茶歇 餐饮 停车场 黑白板 讲台 舞台 桌椅 电视 LED屏,2,0,http://venue.huodongxing.com/venue/detail/581001398993
139,活动行-活动场地,南山区,南山ECO国际会议中心-深圳湾鸿达厅,丁亨龙,13927***157,聚会 商务活动 团建 DIY 体验 分享会/沙龙 发布会 课程 会议/论坛 现场演出 展览 集市 赛事 路演 轰趴 亲子 读书会 年会 其他,"10800元/天 起
包含:LED屏，音控设备，休息室，自助笔、纸取用盒，自助冷热水饮水机、共享充电；公共休息区，专用展区，广告机；",220 平米起,220 人,海天一路软件产业基地5B栋4楼,音响 麦克风 WIFI 茶歇 餐饮 停车场 黑白板 讲台 舞台 桌椅 电视 LED屏,2,0,http://venue.huodongxing.com/venue/detail/521001399027
140,活动行-活动场地,南山区,南山ECO国际会议中心-数字园科创厅,丁亨龙,13927***157,聚会 商务活动 团建 DIY 体验 分享会/沙龙 发布会 课程 会议/论坛 现场演出 展览 集市 赛事 路演 轰趴 亲子 读书会 年会 其他,"7000元/天 起
包含：LED屏，音控设备，自助笔、纸取用盒，自助冷热水饮水机、共享充电；公共休息区，专用展区，广告机；",120 平米起,120 人,粤海街道高新南七道国家工程实验大楼A座4楼,音响 麦克风 WIFI 茶歇 餐饮 停车场 黑白板 讲台 桌椅 电视 LED屏,2,0,http://venue.huodongxing.com/venue/detail/671001399076
141,活动行-活动场地,南山区,南山ECO国际会议中心-科兴2号厅,丁亨龙,13927***157,聚会 商务活动 团建 DIY 体验 分享会/沙龙 发布会 课程 会议/论坛 现场演出 展览 集市 赛事 路演 轰趴 亲子 读书会 年会 其他,"10000元/天 起
价格包含：LED屏，音控设备，自助笔、纸取用盒，自助冷热水饮水机、共享充电；公共休息区，专用展区，广告机；",180 平米起,150 人,科苑路科兴科学园B4栋3楼,音响 麦克风 WIFI 茶歇 餐饮 停车场 黑白板 讲台 舞台 桌椅 电视 LED屏,1,0,http://venue.huodongxing.com/venue/detail/591001384396
142,活动行-活动场地,南山区,南山ECO国际会议中心-科兴3号厅,丁亨龙,13927***157,聚会 商务活动 团建 DIY 体验 分享会/沙龙 发布会 课程 会议/论坛 现场演出 展览 集市 赛事 路演 轰趴 亲子 读书会 年会 其他,"8000元/天 起
包含：LED屏，音控设备，自助笔、纸取用盒，自助冷热水饮水机、共享充电；公共休息区，专用展区，广告机；",140 平米起,130 人,科苑路科兴科学园B4栋1楼,音响 麦克风 WIFI 茶歇 餐饮 停车场 黑白板 讲台 舞台 桌椅 电视 LED屏,2,0,http://venue.huodongxing.com/venue/detail/901001394410
143,活动行-活动场地,南山区,南山ECO国际会议中心-数字园万众厅,丁亨龙,13927***157,聚会 商务活动 团建 DIY 体验 分享会/沙龙 发布会 课程 会议/论坛 现场演出 展览 集市 赛事 路演 轰趴 亲子 读书会 年会 其他,"28000元/天 起
包含：LED屏，音控设备，休息室，自助笔、纸取用盒，自助冷热水饮水机、共享充电；公共休息区，专用展区，广告机；",400 平米起,400 人,粤海街道高新南七道国家工程实验大楼A座4楼,音响 麦克风 WIFI 茶歇 餐饮 停车场 黑白板 舞台灯 讲台 舞台 桌椅 电视 LED屏,2,0,http://venue.huodongxing.com/venue/detail/101001398921
144,活动行-活动场地,南山区,南山ECO国际会议中心-深圳湾海韵厅,丁亨龙,13927***157,聚会 商务活动 团建 DIY 体验 分享会/沙龙 发布会 课程 会议/论坛 现场演出 展览 集市 赛事 路演 轰趴 亲子 读书会 年会 其他,"25000元/天 起
包含：LED屏，音控设备，休息室，自助笔、纸取用盒，自助冷热水饮水机、共享充电；公共休息区，专用展区，广告机；",350 平米起,287 人,海天一路软件产业基地5B栋5楼,音响 麦克风 WIFI 茶歇 餐饮 停车场 黑白板 舞台灯 讲台 舞台 桌椅 电视 LED屏,2,0,http://venue.huodongxing.com/venue/detail/411001394621
145,活动行-活动场地,南山区,南山ECO国际会议中心-深圳湾慧岚厅,丁亨龙,13927***157,聚会 商务活动 团建 DIY 体验 分享会/沙龙 发布会 课程 会议/论坛 现场演出 展览 集市 赛事 路演 轰趴 亲子 读书会 年会 其他,"23000元/天 起
包含:LED屏，音控设备，休息室，自助笔、纸取用盒，自助冷热水饮水机、共享充电；公共休息区，专用展区，广告机；",300 平米起,259 人,海天一路软件产业基地5B栋5楼,音响 麦克风 WIFI 茶歇 餐饮 停车场 黑白板 舞台灯 讲台 舞台 桌椅 电视 LED屏,1,0,http://venue.huodongxing.com/venue/detail/281001394640
146,活动行-活动场地,南山区,南山ECO国际会议中心-7+8宴会厅,丁亨龙,13927***157,聚会 商务活动 团建 DIY 体验 分享会/沙龙 发布会 课程 会议/论坛 现场演出 展览 集市 赛事 路演 轰趴 亲子 读书会 年会 其他,"40000元/天 起
价格包含：LED屏，笔、纸、音响设备、音控、会议签到区、展位区、自助饮水、接待服务、会议指示牌",620 平米起,700 人,粤海街道科苑路科兴科学园B4栋1、3楼,投影设备 银幕 音响 麦克风 WIFI 茶歇 餐饮 停车场 黑白板 舞台灯 讲台 舞台 桌椅 电视 LED屏,2,0,http://venue.huodongxing.com/venue/detail/451000981892
147,活动行-活动场地,南山区,WeWorkTCL大厦会议室/培训教室,WeWork,18926***286,商务活动 分享会/沙龙 课程 会议/论坛,"1000元/小时 起
具体折扣请咨询工作人员",75 平米起,60 人,高新南一道6号TCL大厦9层WeWork,投影设备 音响 麦克风 WIFI 茶歇 停车场 黑白板 讲台 桌椅,9,0,http://venue.huodongxing.com/venue/detail/161000482906
148,活动行-活动场地,南山区,IDG亚洲体育产业育成中心,郑文易,15712***253,商务活动 团建 DIY 体验 分享会/沙龙 发布会 课程 会议/论坛 现场演出 展览 集市 赛事 路演 读书会 年会 其他,"9000元/1天 起
报价已含：场地使用、LED、音响、灯光及桌椅等设施设备使用；茶歇、自助餐及住宿可单独询价。",400 平米起,200 人,科园路1001号深圳市软件产业基地4A栋一层,,15,1,http://venue.huodongxing.com/venue/detail/120999055365
149,活动行-活动场地,南山区,中国厅,Riyi马,18823***872,分享会/沙龙,"500元/小时 起
仅限周末或节假日使用",120 平米起,50 人,深铁金融科技大厦,投影设备 银幕 音响 麦克风 停车场 讲台 桌椅 电视 LED屏,5,0,http://venue.huodongxing.com/venue/detail/420998802170
150,活动行-活动场地,南山区,华侨城创意园康佳之星K-Park,林佳,18320***824,商务活动 分享会/沙龙 发布会 课程 会议/论坛 路演,"120元/天 起
双创类活动不收费",60 平米起,100 人,康佳之星K-park,投影设备 银幕 音响 麦克风 WIFI 茶歇 停车场 讲台 桌椅,8,0,http://venue.huodongxing.com/venue/detail/720997119657
151,活动行-活动场地,南山区,深圳蛇口网谷双创街联合办公,吴雪梅,15918***383,商务活动 分享会/沙龙 课程 会议/论坛 展览 路演 读书会,"1000元/天 起
场地由5人洽谈区、10人会议室、30人阶梯课室、40人路演咖啡厅，外场可容纳不同需求的活动场景，根据不同时间需求，设置不同门槛收费，低至100块每小时。入驻后，所有资源都可以免费享用，欢迎有活动场地需求和办公需求的来聊。",100 平米起,50 人,蛇口网谷双创街,投影设备 银幕 音响 麦克风 WIFI 茶歇 餐饮 停车场 黑白板 讲台 桌椅 电视 LED屏,34,6,http://venue.huodongxing.com/venue/detail/530995402693
152,活动行-活动场地,南山区,芳菲健康-团操室,白生,15839***029,其他,200元/小时 起,60 平米起,20 人,深圳南山区后海大道鼎元宏易中心2楼,投影设备 银幕 音响 麦克风 WIFI 停车场 黑白板 桌椅,2,0,http://venue.huodongxing.com/venue/detail/320991601269
153,活动行-活动场地,南山区,天穹剧场,赵经理,13811***064,商务活动 分享会/沙龙 发布会 课程 会议/论坛 现场演出 赛事 路演 读书会 年会 其他,"28000元/天 起
包含场内现有声光电设备及巨型LED屏幕、舞台、座位等设施",1000 平米起,350 人,TCL国际E城G5栋4楼,银幕 音响 麦克风 WIFI 停车场 舞台灯 讲台 舞台 桌椅 电视 LED屏,5,0,http://venue.huodongxing.com/venue/detail/570987714832
154,活动行-活动场地,南山区,简约书吧-中山公园店,陈琼燕,13823***391,DIY 体验 分享会/沙龙 会议/论坛 亲子,"1800元/天 起
室内展示区：正门入口场地 -面积50㎡-租金1800元/天 会议室： 二楼大会议室-面积50㎡-租金1500元/天 会议室：二楼小会议室-面积25㎡-租金1500元/天",125 平米起,50 人,中山公园,桌椅,8,0,http://venue.huodongxing.com/venue/detail/650987272468
155,活动行-活动场地,南山区,简约书吧-君尚店,陈琼燕,13823***391,聚会 DIY 体验 分享会/沙龙 亲子,"2800元/天 起
室内展示区：展示区-面积80㎡-租金3600元/天 多功能区：开放式多功能区-面积60㎡-租金2800元/天 艺术教室门口休息区-面积40㎡-少儿区-面积20㎡-一楼休闲区-面积40㎡-租金均为2880",1500 平米起,200 人,君尚百货商场,投影设备 茶歇 桌椅,9,0,http://venue.huodongxing.com/venue/detail/470987288328
156,活动行-活动场地,南山区,简约书吧-白鹭坡店,陈琼燕,13823***391,聚会 DIY 体验 分享会/沙龙 会议/论坛 亲子 读书会,"1200元/天 起
室外展示厅：门口长廊-面积135㎡-租金5000元/天 多功能区：开放式多功能区-面积30㎡-租金1200元/天",200 平米起,80 人,深圳湾白鹭坡公园,投影设备 茶歇 桌椅,9,0,http://venue.huodongxing.com/venue/detail/440987278235
157,活动行-活动场地,南山区,简约书吧-南头古城店,陈琼燕,13823***391,聚会 DIY 体验 分享会/沙龙 会议/论坛 读书会,"1800元/天 起
室内展示厅：83号大厅 面积50㎡ 租金1800元/天 会议室：83号小隔间 面积35㎡ 租金1500元/天 展示区：85号大厅（室内）+85号后花园（室外） 面积100㎡ 租金3600元/天",185 平米起,60 人,南头古城,投影设备 桌椅,9,0,http://venue.huodongxing.com/venue/detail/460987272365
158,活动行-活动场地,南山区,简约书吧-麒麟山庄店,陈琼燕,13823***391,聚会 DIY 体验 分享会/沙龙 发布会 亲子 读书会,"1500元/天 起
室外展示区总面积200㎡ 户外长廊一号场地 面积40㎡ 户外长廊二号场地 面积40㎡ 租金4000元/天 会议室 面积30㎡ 租金1500元/天",230 平米起,25 人,麒麟山庄,投影设备 茶歇 桌椅,12,0,http://venue.huodongxing.com/venue/detail/770987267681
159,活动行-活动场地,南山区,简约书吧-南山党群服务中心店,陈琼燕,13823***391,聚会 DIY 体验 发布会 展览 亲子 读书会,"1200元/天 起
展示区（室内+室外）：门口长廊-面积100㎡-门口吧台-面积60㎡-租金1200元/天 多功能区：少儿区-面积50㎡-开放式多功能区-面积40㎡-租金1600元/天",100 平米起,100 人,南山深圳湾科技生态园,投影设备 茶歇 桌椅,10,0,http://venue.huodongxing.com/venue/detail/120987282776
160,活动行-活动场地,南山区,中天世联空间,郭亚柯,13530***760,聚会 商务活动 团建 DIY 体验 分享会/沙龙 发布会 课程 会议/论坛 路演 轰趴 亲子 读书会 年会 其他,"500元/天 起
创新创业类活动可免费举办。价格视活动情况而定。",120 平米起,100 人,特发信息科技大厦23楼,投影设备 银幕 音响 麦克风 WIFI 茶歇 停车场 黑白板 讲台 舞台 桌椅 电视,12,0,http://venue.huodongxing.com/venue/detail/520952002961
161,活动行-活动场地,南山区,E3沉浸式团建·年会·发布会·轰趴综合体,陈志丹,18617***897,聚会 商务活动 团建 DIY 体验 分享会/沙龙 发布会 课程 会议/论坛 现场演出 展览 集市 赛事 路演 轰趴 亲子 年会,"29800元/天 起
此价格为一个时段内包整层价格，具体费用会根据活动形式、活动内容与时长进行报价",1000 平米起,350 人,跨界空间2楼,投影设备 音响 麦克风 WIFI 茶歇 餐饮 停车场 黑白板 舞台灯 讲台 舞台 桌椅 LED屏,11,0,http://venue.huodongxing.com/venue/detail/340945760067
162,活动行-活动场地,南山区,湾区青年空间,陈翡,15814***115,商务活动 分享会/沙龙 发布会 课程 会议/论坛 路演,"3000元/天 起
公益型场地。根据活动性质与内容进行审核，可免费提供使用。",100 平米起,60 人,深圳湾科技生态园2栋A座一楼区青年空间,投影设备 音响 麦克风 讲台 LED屏,19,0,http://venue.huodongxing.com/venue/detail/800976191056
163,活动行-活动场地,南山区,深圳筑梦生态园众创空间,筑梦之星科技,18925***335,DIY 体验 分享会/沙龙 发布会 会议/论坛 路演 读书会,"3元/天 起
该场地免费使用，1、活动行优先2、对以下申请单位免费使用：泛科技类（5G与云计算、大数据、消费电子，甚至于人工智能、车联网创业沙龙、路演、创业大赛、创业教育培训等）企业或创业团队免费申请使用，使用前需缴纳500元家具设备保证金，会后原路退回。",200 平米起,60 人,粤海街道深圳湾科技生态园10栋B座7层,投影设备 WIFI 停车场 黑白板 桌椅,19,0,http://venue.huodongxing.com/venue/detail/290962824263
164,活动行-活动场地,南山区,简正企业大学共创培训中心,钟莉,14776***274,聚会 商务活动 团建 分享会/沙龙 课程 会议/论坛 读书会,"2000元/半天 起
优质企业、培训合作等价格可适当优惠，请电话详谈",100 平米起,100 人,侨城东路99号深南电路大厦4楼407,投影设备 银幕 音响 麦克风 WIFI 茶歇 餐饮 停车场 黑白板 舞台灯 讲台 舞台 桌椅 电视,9,0,http://venue.huodongxing.com/venue/detail/130939044772
165,活动行-活动场地,南山区,2025创新空间,白晓生,15220***731,聚会 商务活动 团建 DIY 体验 分享会/沙龙 课程 会议/论坛 赛事 路演 轰趴 亲子 读书会 年会,"3000元/天 起
整个咖啡厅(500平)：10000元/天，6000元/半天。多功能厅：3000元/天，1600/半天。阁楼：2000元/天，1000/半天。户外2000元/天，1000/半天。小会议室：600/天，300/半天。茶室低消280",500 平米起,120 人,珠光创新科技园2025创新空间,投影设备 银幕 音响 麦克风 WIFI 茶歇 停车场 黑白板 舞台灯 讲台 舞台 桌椅,46,0,http://venue.huodongxing.com/venue/detail/650945021332
166,活动行-活动场地,南山区,正鹄会综合武道场馆/弓道剑道合气道,胡先生,13590***543,聚会 分享会/沙龙 课程 展览 赛事 读书会 其他,"2000元/天 起
以上为平日价格，武道团体使用可按时段另行详谈，周末价格会上浮",300 平米起,50 人,南山大道海润工业园西区二楼正鹄会,投影设备 WIFI 停车场 黑白板 桌椅,13,0,http://venue.huodongxing.com/venue/detail/520932550335
167,活动行-活动场地,南山区,idg亚洲体育产业育成中心,曾馨,15625***173,商务活动 分享会/沙龙 发布会 会议/论坛 路演 年会,"7000元/半天 起
一楼活动场地： 半天7500元，一天15000元，包含一楼活动场地及设备使用。 海景路演厅： 1500/小时，6000/半天，包含设备使用。 二楼会议室： 400元/小时（1500元/半天），包含瓶装水一支/人，投影机使用。另外提供热饮意式咖啡：20元/杯。 商务会议室： 500元/小时（5000元/半天），包含瓶装水一支/人，投影机使用。",400 平米起,180 人,海天一路软件产业基地4a栋103-104,投影设备 银幕 音响 麦克风 WIFI 茶歇 舞台灯 讲台 舞台 桌椅 LED屏,45,2,http://venue.huodongxing.com/venue/detail/980925321095
168,活动行-活动场地,南山区,DTTOP多功能会议室（小）,郑川,13714***935/13342943173（微信同号）,商务活动 分享会/沙龙 发布会 课程 会议/论坛 现场演出 路演 轰趴 读书会 其他,"2500元/天 起
签订长期协议价格更低",70 平米起,50 人,DT未来科技体验中心,投影设备 银幕 音响 麦克风 WIFI 茶歇 餐饮 停车场 黑白板 讲台 桌椅,61,0,http://venue.huodongxing.com/venue/detail/410925148208
169,活动行-活动场地,南山区,DTTOP多功能会议室（大）,郑川,13714***935/13342943173（微信同号）,商务活动 团建 DIY 体验 分享会/沙龙 发布会 课程 会议/论坛 现场演出 路演 读书会 年会 其他,"6000元/天 起
签订长期协议价格更低",150 平米起,120 人,DT未来科技体验中心,投影设备 银幕 音响 麦克风 WIFI 茶歇 餐饮 停车场 黑白板 舞台灯 讲台 舞台 桌椅 LED屏,74,2,http://venue.huodongxing.com/venue/detail/510925138537
170,活动行-活动场地,南山区,深圳湾科技生态园8栋DT未来科技体验中心一楼中庭,郑川,13714***935/13342943173（微信同号）,发布会 现场演出 展览 集市 其他,"10000元/天 起
可面谈",300 平米起,200 人,DT未来科技体验中心,音响 餐饮 停车场 舞台 桌椅,42,1,http://venue.huodongxing.com/venue/detail/320925138094
171,活动行-活动场地,南山区,拉萨产业交流(深圳南山)中心,拉萨产业交流(深圳南山)中心,13686***601,商务活动 分享会/沙龙 发布会 会议/论坛 路演 读书会 其他,"3200元/天 起
价格面议！优质活动可资源互换 联系电话：13686406601 雷先生",207 平米起,140 人,拉萨产业交流(深圳南山)中心,音响 麦克风 WIFI 停车场 桌椅 电视 LED屏,44,1,http://venue.huodongxing.com/venue/detail/190917194675
172,活动行-活动场地,南山区,华商国际路演厅,喻丽霞,13510***321,商务活动 分享会/沙龙 发布会 课程 会议/论坛 路演 读书会 其他,3000元/次 起,300 平米起,300 人,侨香路智慧广场B1座13楼,音响 麦克风 WIFI 停车场 黑白板 舞台灯 讲台 舞台 桌椅 LED屏,33,0,http://venue.huodongxing.com/venue/detail/590910430568
173,活动行-活动场地,南山区,品阅@共享空间,ANDY,15361***257,聚会 分享会/沙龙 轰趴 读书会 其他,200元/小时 起,30 平米起,20 人,学府花园,投影设备 银幕 音响 WIFI 停车场,72,1,http://venue.huodongxing.com/venue/detail/940857013335
174,活动行-活动场地,南山区,ATLAS寰图办公空间·深圳航天科技广场,刘蔚青,15016***261,聚会 商务活动 DIY 体验 分享会/沙龙 发布会 课程 会议/论坛 轰趴 读书会 年会,270元/起 起,300 平米起,100 人,海德三道（深圳湾段）166号航天科技广场4，7-12楼,投影设备 音响 麦克风 WIFI 茶歇 黑白板 桌椅 电视 LED屏,82,4,http://venue.huodongxing.com/venue/detail/600876880011
175,活动行-活动场地,南山区,乐火南海足球公园,陈俊鸿,16625***928,聚会 团建 分享会/沙龙 发布会 现场演出 集市 赛事 轰趴 亲子 其他,"1100元/小时 起
另可按5600㎡用场，费用为2000元/小时",2800 平米起,500 人,深圳市南山区南海足球公园,WIFI 停车场 黑白板 桌椅,14,1,http://venue.huodongxing.com/venue/detail/720872092309
176,活动行-活动场地,南山区,南山科技园大型会议室/教室,格局商学,13660***245,分享会/沙龙 发布会 课程 会议/论坛 路演,"4990元/半天 起
4990元/半天；8990元/天",220 平米起,120 人,中国储能大厦33C,银幕 音响 麦克风 WIFI 茶歇 停车场 黑白板 讲台 桌椅 LED屏,43,1,http://venue.huodongxing.com/venue/detail/950870871914
177,活动行-活动场地,南山区,可可豆生活美学体验馆,可可豆生活美学体验馆,0755-***13805,DIY 体验 分享会/沙龙 课程 亲子,"5000元/天 起
1600元/6小时：包含音箱一对、无线麦克风四支、红外触控会议系统一套、桌凳按需提供 2800元/12小时：包含音箱一对、无线麦克风四支、红外触控会议系统一套、桌凳按需提供 附加服务费用：活动策划费1000~3000元/场（根据活动规模进行浮动）；茶水费：150元/壶",75 平米起,25 人,平山一路世外桃源创意园B栋402,音响 WIFI 茶歇 桌椅 电视 LED屏,16,0,http://venue.huodongxing.com/venue/detail/460868703208
178,活动行-活动场地,南山区,格林欧洲艺术会客厅,林绍骅,17665***059,聚会 商务活动 DIY 体验 分享会/沙龙 发布会 会议/论坛 现场演出 展览 轰趴 亲子 读书会 年会 其他,"3500元/4h 起
工作日下午场4小时3500 工作日晚上及周末全天4小时5000",200 平米起,200 人,南山阳光文体中心2楼格林欧洲艺术会客厅,投影设备 银幕 音响 麦克风 WIFI 茶歇 餐饮 停车场 讲台 舞台 桌椅,110,3,http://venue.huodongxing.com/venue/detail/400866092561
179,活动行-活动场地,南山区,深圳青蓝咨询服务有限公司,黄红,15112***292,课程,"1000元/天 起
价格详情可面谈",100 平米起,50 人,高新南一道6号TCL大厦B座309,,49,0,http://venue.huodongxing.com/venue/detail/320864634823
180,活动行-活动场地,南山区,联合工社多功能路演中心,联合工社,13684***310,商务活动 DIY 体验 分享会/沙龙 发布会 课程 会议/论坛 路演 读书会 其他,3980元/半天 起,200 平米起,150 人,南山区桃源街道丽山路65号新视艺创客公园B座三楼联合工社,投影设备 音响 麦克风 WIFI 停车场 黑白板 讲台 桌椅 电视 LED屏,111,1,http://venue.huodongxing.com/venue/detail/320859602184
181,活动行-活动场地,南山区,万象空间|深圳云直播品牌发布中心,联合工社,13684***310,聚会 商务活动 团建 DIY 体验 分享会/沙龙 发布会 课程 会议/论坛 现场演出 展览 集市 赛事 路演 轰趴 亲子 读书会 年会 其他,22800元/半天 起,1000 平米起,300 人,桃源街道丽山路65号新视艺创客公园1F万象空间NewLab,银幕 音响 麦克风 WIFI 停车场 黑白板 舞台灯 讲台 舞台 桌椅 电视 LED屏,92,1,http://venue.huodongxing.com/venue/detail/780859619669
182,活动行-活动场地,南山区,二元桥（前海深港设计创意产业园）,夏雪,19962***312,商务活动 团建 DIY 体验 分享会/沙龙 发布会 课程 会议/论坛 现场演出 展览 集市 年会 其他,"12000元/天 起
多功能厅： 位置：南区一层；大小：809平方米；定价12万一天，7.1万半天。 创意市集： 位置：南区一层；大小：14万一天，8万半天。",809 平米起,2000 人,二元桥深港设计创意产业园,WIFI 茶歇 停车场 桌椅 LED屏,79,4,http://venue.huodongxing.com/venue/detail/250857657036
183,活动行-活动场地,南山区,西枝叁舍咖啡文创馆,刘亭希,18665***527,聚会 商务活动 团建 DIY 体验 分享会/沙龙 发布会 课程 会议/论坛 现场演出 展览 集市 赛事 路演 轰趴 亲子 读书会 年会 其他,"3000元/天 起
价格仅供参考，实际价格由协商后确定",160 平米起,40 人,西丽街道TCL国际E城F2栋101,投影设备 音响 麦克风 WIFI 茶歇 餐饮 停车场 桌椅,78,1,http://venue.huodongxing.com/venue/detail/250853657528
184,活动行-活动场地,南山区,日子里,卢俊廷,13751***937,聚会 DIY 体验 分享会/沙龙 课程 会议/论坛 展览 集市,"500元/天 起
价格可面议",180 平米起,50 人,半岛城邦一期对面,餐饮 停车场 电视,79,0,http://venue.huodongxing.com/venue/detail/720851157212
185,活动行-活动场地,南山区,筑梦之星-南山锦会空中花园活动厅,筑梦之星,15920***755,商务活动 DIY 体验 分享会/沙龙 发布会 课程 会议/论坛 现场演出 展览 赛事 路演 读书会,"2400元/半天 起
优质活动可免费使用，欢迎合作！",80 平米起,80 人,深圳市高新科技园高新南四道13号丽雅查尔顿广场6层、7层,投影设备 音响 麦克风 WIFI 黑白板 讲台 桌椅,88,2,http://venue.huodongxing.com/venue/detail/390849474916
186,活动行-活动场地,南山区,神鲸空间·路演大厅,Serena.Chen,17512***622,聚会 商务活动 分享会/沙龙 发布会 会议/论坛 路演,"6000元/天 起
1000元/小时，全天包场75折，半天包场85折（周末与工作日同价，此价格在周六/周日不含空调加时费，周六/周日须额外收费350元/小时）",150 平米起,120 人,科苑南路3331号阿里中心T2栋12楼,投影设备 音响 麦克风 WIFI 餐饮 停车场 讲台 桌椅 电视 LED屏,149,1,http://venue.huodongxing.com/venue/detail/200843223341
187,活动行-活动场地,南山区,深圳华侨城创意文化园,深圳华侨城创意文化园,0755-***35670,分享会/沙龙 发布会 会议/论坛,50000元/天 起,3000 平米起,2000 人,广东省深圳市南山区白石路东8号,投影设备 银幕 音响 麦克风 WIFI 茶歇 餐饮 停车场 黑白板 舞台灯 讲台 舞台 桌椅 电视 LED屏,852,27,http://venue.huodongxing.com/venue/detail/140699053313
188,活动行-活动场地,南山区,深圳华中科技大学产学研大楼,陈丹,13266***815,商务活动 分享会/沙龙 课程,5000元/天 起,650 平米起,300 人,广东省深圳市南山区粤兴三道9号,投影设备 音响 麦克风 WIFI 黑白板 桌椅,672,36,http://venue.huodongxing.com/venue/detail/320699962626
189,活动行-活动场地,南山区,深圳联才工坊,潘旻,13928***832,分享会/沙龙 发布会 课程,"5000元/天 起
2000元半天（上午/下午/晚上）",400 平米起,120 人,广东省深圳市南山区深圳湾创业投资大厦38楼,投影设备 音响 麦克风 WIFI 停车场 黑白板 桌椅 电视,1117,24,http://venue.huodongxing.com/venue/detail/960695195657
190,活动行-活动场地,南山区,京东智能奶茶馆,京东jd+智能奶茶馆,027-3***5555,分享会/沙龙 发布会,8000元/天 起,800 平米起,300 人,深圳市南山区科园路1003号软件产业基地4栋C座,投影设备 银幕 音响 麦克风 WIFI 茶歇 餐饮 桌椅,761,33,http://venue.huodongxing.com/venue/detail/960699776527
191,活动行-活动场地,南山区,思微SimplyWork2.0,思微SimplyWork,0755-***79499,分享会/沙龙 发布会 课程,6000元/天 起,150 平米起,150 人,深圳市南山区科发路1号富利臻大厦3F,投影设备 银幕 音响 麦克风 WIFI 茶歇 黑白板 桌椅,966,32,http://venue.huodongxing.com/venue/detail/800691371282
192,活动行-活动场地,南山区,07酒吧,07酒吧,0755-***00707,聚会 商务活动,25000元/天 起,400 平米起,230 人,深圳市南山区白石路东欢乐海岸13A栋,投影设备 音响 麦克风 WIFI 茶歇 餐饮 舞台灯 舞台 桌椅,685,45,http://venue.huodongxing.com/venue/detail/390700469272
193,活动行-活动场地,南山区,深圳OCT当代艺术中心（OCAT）,OCAT,0755-***15007,分享会/沙龙 发布会,5000元/天 起,100 平米起,100 人,深圳市南山区华侨城创意文化园,投影设备 音响 麦克风 WIFI 茶歇 餐饮,760,47,http://venue.huodongxing.com/venue/detail/370700489752
194,活动行-活动场地,南山区,KiwiHouse,KiwiHouse,0755-***38928,聚会 团建 分享会/沙龙,60元/人 起,100 平米起,100 人,深圳市南山区侨香路6076号(侨香路智慧广场商业中心负一层B1),投影设备 音响 麦克风 WIFI 茶歇 餐饮 黑白板 桌椅,867,39,http://venue.huodongxing.com/venue/detail/750700469273
195,活动行-活动场地,南山区,深圳华夏艺术中心,王女士,13760***464,发布会 会议/论坛 现场演出,55000元/天 起,2406 平米起,1000 人,广东省深圳市南山区华侨城光侨街一号,投影设备 音响 麦克风 WIFI 舞台灯 舞台 桌椅 LED屏,712,41,http://venue.huodongxing.com/venue/detail/700699962649
196,活动行-活动场地,南山区,Teamaker创茶空间,Teamaker创茶空间,15019***553,分享会/沙龙 发布会 课程,2000元/天 起,84 平米起,60 人,深圳市南山区学府路软件产业基地5栋B座01层52-53号商铺,投影设备 WIFI 茶歇 餐饮 黑白板 桌椅,1109,30,http://venue.huodongxing.com/venue/detail/630698782234
197,活动行-活动场地,南山区,思微SimplyWork2.0活动厅,于点儿,13058***572,商务活动 分享会/沙龙 发布会,2500元/半天 起,150 平米起,150 人,深圳市南山区科发路1号富利臻大厦3F,投影设备 音响 麦克风 WIFI 茶歇 餐饮 黑白板 桌椅,808,9,http://venue.huodongxing.com/venue/detail/550698823451
198,活动行-活动场地,南山区,不二人文空间,黎子钧,13927***653,聚会 分享会/沙龙,16800元/天 起,100 平米起,50 人,深圳市南山区蛇口南海大道美年广场4栋1楼,投影设备 音响 麦克风 WIFI 茶歇 餐饮 桌椅,856,27,http://venue.huodongxing.com/venue/detail/720699766299
199,活动行-活动场地,南山区,价值工厂,价值工厂,17727***617,团建 分享会/沙龙 发布会,"5000元/天 起
实际价格5000-20000不等，根据使用空间确定",1000 平米起,1000 人,广东省深圳市南山区海湾路8号,投影设备 音响 麦克风 WIFI 黑白板 桌椅,944,22,http://venue.huodongxing.com/venue/detail/870700180255
200,活动行-活动场地,南山区,中山大学深圳产学研大楼,中山大学深圳产学研大楼,0755-***96196,分享会/沙龙 发布会 课程,5000元/天 起,200 平米起,200 人,广东省深圳市南山区中山大学深圳产学研大楼五楼西,投影设备 音响 麦克风 WIFI 黑白板 桌椅,900,16,http://venue.huodongxing.com/venue/detail/240699993380
201,活动行-活动场地,南山区,多功能厅（海岸大厦·优客工场）,杜昕宇,17791***298,分享会/沙龙 课程 路演,3000元/天 起,300 平米起,100 人,广东省深圳市南山区海德三道15号海岸大厦东座B区14层优客工场,投影设备 音响 麦克风 WIFI 黑白板 桌椅,79,0,http://venue.huodongxing.com/venue/detail/910782315049
202,活动行-活动场地,南山区,嘉和书院,嘉和书院,07552***1882,聚会 课程 展览,4800元/天 起,140 平米起,70 人,深圳市南山区华侨城开街中旅仓库2-1号,投影设备 银幕 WIFI 茶歇 停车场 桌椅,1181,45,http://venue.huodongxing.com/venue/detail/180693056046
203,活动行-活动场地,南山区,世界树·互联网空间,梁子銘,13922***873,商务活动 分享会/沙龙 发布会 课程,"5500元/半天 起
9000一天",200 平米起,250 人,深圳市南山区西丽街道茶光路波顿科技园B座万科云创二层,投影设备 银幕 音响 麦克风 WIFI 茶歇 餐饮 停车场 舞台灯 讲台 舞台 桌椅 电视,896,26,http://venue.huodongxing.com/venue/detail/390693056049
204,活动行-活动场地,南山区,池畔餐厅酒吧,PIPETTE法国餐厅,0755-***93388,分享会/沙龙 发布会 现场演出,5000元/天 起,300 平米起,200 人,广东省深圳市南山区深南东路洲际大酒店G层,投影设备 音响 麦克风 WIFI 茶歇 餐饮 黑白板 桌椅,791,29,http://venue.huodongxing.com/venue/detail/680700448837
205,活动行-活动场地,南山区,创茶空间,创茶空间,13160***412,聚会 分享会/沙龙 课程,5000元/天 起,200 平米起,60 人,广东省深圳市南山区软件产业基地五栋B座,投影设备 音响 麦克风 WIFI 茶歇 餐饮 黑白板 桌椅,1089,24,http://venue.huodongxing.com/venue/detail/910693066056
206,活动行-活动场地,南山区,华汇文创空间,华汇文创空间,0755-***83033,团建 分享会/沙龙 发布会,2000元/天 起,80 平米起,40 人,深圳市南山区深南大道世界之窗欧洲印象6号楼,投影设备 音响 麦克风 WIFI 茶歇 餐饮 停车场 黑白板 桌椅,1248,40,http://venue.huodongxing.com/venue/detail/180693066059
207,活动行-活动场地,南山区,飞马新立方,张向龙,18923***009,分享会/沙龙 发布会 课程,3000元/天 起,220 平米起,100 人,广东省深圳市南山区学府路软件产业基地4栋B座203室,投影设备 音响 麦克风 WIFI 黑白板 桌椅,1038,5,http://venue.huodongxing.com/venue/detail/740693066064
208,活动行-活动场地,南山区,影•艺术空间,影•艺术空间,18669***695,分享会/沙龙 展览 集市,5000元/天 起,100 平米起,100 人,深圳市南山区欢乐海岸白石路东8号蓝楹国际商务中心,投影设备 音响 麦克风 WIFI 停车场 黑白板 桌椅,909,30,http://venue.huodongxing.com/venue/detail/450699756112
209,活动行-活动场地,南山区,华夏艺术中心,华夏艺术中心,0755-***02204,会议/论坛 现场演出,45000元/天 起,1500 平米起,1000 人,深圳市南山区华侨城光侨街一号,投影设备 银幕 音响 麦克风 WIFI 停车场 桌椅 LED屏,1004,8,http://venue.huodongxing.com/venue/detail/100693066065
210,活动行-活动场地,南山区,弈投咖啡,弈投咖啡,18312***426,聚会 分享会/沙龙,3000元/天 起,150 平米起,110 人,深圳市南山区科技园南区高新南四道创业投资服务广场3楼（肯德基楼上）,投影设备 银幕 音响 麦克风 WIFI 茶歇 餐饮 桌椅,1008,16,http://venue.huodongxing.com/venue/detail/320698751060
211,活动行-活动场地,南山区,OttolinaCafe欧杜咖啡,OttolinaCafe欧杜咖啡,0755-***63139,聚会 团建 分享会/沙龙,10000元/天 起,500 平米起,300 人,广东省深圳市南山区白石路东8号欢乐海岸曲水湾2栋1C(中影国际影城旁),投影设备 银幕 音响 麦克风 WIFI 茶歇 餐饮 黑白板 桌椅,1035,43,http://venue.huodongxing.com/venue/detail/330693236309
212,活动行-活动场地,南山区,蜂巢印象会所,蜂巢印象会所,07558***7871,聚会 分享会/沙龙,20000元/天 起,500 平米起,200 人,深圳市南山区海德三道（凯宾斯基酒店后面）保利文化广场3楼,投影设备 音响 麦克风 WIFI 茶歇 餐饮 桌椅,939,8,http://venue.huodongxing.com/venue/detail/550698997589
213,活动行-活动场地,南山区,舍下有茶,舍下有茶,18370***017,DIY 体验 分享会/沙龙 课程,4000元/天 起,80 平米起,50 人,深圳市南山区华侨城创意文化园南区开平街E6栋103室,音响 麦克风 WIFI 茶歇 黑白板 桌椅,877,47,http://venue.huodongxing.com/venue/detail/290693066070
214,活动行-活动场地,南山区,深圳EPC艺术中心,孙经理,18138***795,商务活动 分享会/沙龙 发布会,30000元/天 起,800 平米起,480 人,南山区深南大道9005号,投影设备 银幕 音响 麦克风 WIFI 茶歇 餐饮 黑白板 桌椅,888,17,http://venue.huodongxing.com/venue/detail/870699042392
215,活动行-活动场地,南山区,OCT创意展示中心,OCT创意展示中心,0755-***22410,聚会 团建 分享会/沙龙,10000元/天 起,15000 平米起,2000 人,深圳市南山区白石路东8号，欢乐海岸创意广场,投影设备 银幕 音响 麦克风 WIFI 茶歇 餐饮 停车场 黑白板 舞台灯 讲台 舞台 桌椅 电视 LED屏,796,23,http://venue.huodongxing.com/venue/detail/170699021657
216,活动行-活动场地,南山区,loovecafe,loovecafe,0755-***51668,聚会 分享会/沙龙,3000元/天 起,100 平米起,100 人,深圳市南山区锦绣北街2号华里酒店1楼,投影设备 音响 麦克风 WIFI 茶歇 餐饮 桌椅,642,8,http://venue.huodongxing.com/venue/detail/600700448861
217,活动行-活动场地,南山区,金地ibase,金地ibase,13480***920,分享会/沙龙 发布会,3200元/天 起,200 平米起,50 人,深圳市南山区西丽龙珠四路金谷创业园B栋5层501,投影设备 音响 麦克风 WIFI 停车场 黑白板 桌椅,704,25,http://venue.huodongxing.com/venue/detail/640700244575
218,活动行-活动场地,南山区,1258老树咖啡,1258老树咖啡,0755-***06611,聚会 团建 分享会/沙龙,3000元/天 起,40 平米起,30 人,广东省深圳市南山区科技园深南花园B座一楼,投影设备 WIFI 茶歇 餐饮 桌椅,829,45,http://venue.huodongxing.com/venue/detail/510693236320
219,活动行-活动场地,南山区,阿基米互联网公社,阿迪,13622***501,DIY 体验 分享会/沙龙 发布会,10000元/天 起,264 平米起,120 人,深圳市南山区科苑路讯美科技广场3号楼14-16层,投影设备 银幕 音响 麦克风 WIFI 停车场 黑白板 桌椅,1089,15,http://venue.huodongxing.com/venue/detail/880693306464
220,活动行-活动场地,南山区,深圳香蜜轩(世界之窗店),深圳香蜜轩(世界之窗店),0755-***83311,聚会 DIY 体验 分享会/沙龙,5000元/天 起,100 平米起,60 人,深圳市南山区世界之窗西侧欧洲印象1号楼,投影设备 音响 麦克风 WIFI 茶歇 餐饮 桌椅,1087,23,http://venue.huodongxing.com/venue/detail/740698751330
221,活动行-活动场地,南山区,粤季轩,粤季轩,0755-***01688,聚会 DIY 体验 分享会/沙龙,10000元/天 起,200 平米起,100 人,深圳南山区南海大道南段（花园城中心对面）美年广场,投影设备 音响 麦克风 WIFI 茶歇 餐饮 舞台灯 舞台 桌椅,688,11,http://venue.huodongxing.com/venue/detail/820698997092
222,活动行-活动场地,南山区,未名湖会馆,未名湖会馆,0755-***16512,聚会 发布会,5000元/天 起,200 平米起,180 人,深圳市南山区白石东路8号欢乐海岸购物中心三楼屋顶花园,投影设备 音响 麦克风 WIFI 茶歇 餐饮 停车场 桌椅,873,40,http://venue.huodongxing.com/venue/detail/410700244581
223,活动行-活动场地,南山区,晴会所,晴会所,0755-***00200,聚会 DIY 体验 分享会/沙龙,8000元/天 起,228 平米起,80 人,深圳市南山区华侨城香山西街18号首地容御,投影设备 音响 麦克风 WIFI 茶歇 餐饮,727,7,http://venue.huodongxing.com/venue/detail/390699724134
224,活动行-活动场地,南山区,深圳泰智会路演厅,于笛,13923***624,商务活动 分享会/沙龙 发布会,2500元/天 起,200 平米起,120 人,深圳市南山区大冲商务中心B座21F,投影设备 银幕 音响 麦克风 WIFI 茶歇 餐饮 黑白板 桌椅 电视,993,18,http://venue.huodongxing.com/venue/detail/440693504360
225,活动行-活动场地,南山区,派工场,王安琪,18565***626,分享会/沙龙 发布会 课程,2000元/小时 起,600 平米起,300 人,深圳市南山区软件产业基地,投影设备 音响 麦克风 WIFI 茶歇 餐饮 停车场 桌椅 LED屏,1310,18,http://venue.huodongxing.com/venue/detail/160693045865
226,活动行-活动场地,南山区,启迪环球空间,启迪环球空间,13716***610,分享会/沙龙 发布会,5000元/天 起,1500 平米起,150 人,深圳市南山区南海大道1067号科技大厦一期南座5楼AB座,投影设备 音响 麦克风 WIFI 桌椅,822,38,http://venue.huodongxing.com/venue/detail/400699766380
227,活动行-活动场地,南山区,深圳嘀嗒创业咖啡,深圳嘀嗒创业咖啡,13530***949,聚会 团建 分享会/沙龙,5000元/天 起,120 平米起,70 人,深圳市南山区高新南一道9号中科研发园孵化大楼一楼,投影设备 银幕 音响 麦克风 WIFI 茶歇 餐饮 黑白板 桌椅,1145,44,http://venue.huodongxing.com/venue/detail/670693045871
228,活动行-活动场地,南山区,TEAF&HEZZZ艺术休闲空间,陈恒生,13713***840,商务活动 团建 分享会/沙龙,700元/天 起,200 平米起,60 人,深圳市南山区科技园南区高新南四道13号丽雅查尔顿酒店6楼合子厨房,投影设备 音响 麦克风 WIFI 茶歇 餐饮 黑白板 桌椅,1117,39,http://venue.huodongxing.com/venue/detail/700688489840
229,活动行-活动场地,南山区,荃園艺术空间,荃園艺术空间,07558***6521,聚会 分享会/沙龙 展览,5000元/天 起,100 平米起,100 人,深圳市南山区滨海大道欢乐海岸椰林沙滩20号,投影设备 音响 麦克风 WIFI 黑白板,913,6,http://venue.huodongxing.com/venue/detail/660699756150
230,活动行-活动场地,南山区,深圳璞岸会所,马辉,13510***126,团建 分享会/沙龙 发布会,8800元/天 起,248 平米起,195 人,广东省深圳市南山区侨香路智慧广场A座1单元3楼,投影设备 音响 麦克风 WIFI 茶歇 餐饮 黑白板 桌椅,669,48,http://venue.huodongxing.com/venue/detail/480699756152
231,活动行-活动场地,南山区,派意馆,派意馆,0755-***95590,分享会/沙龙 展览,3000元/天 起,100 平米起,80 人,深圳市南山区华侨城创意园东F1栋103号,投影设备 音响 麦克风 WIFI 停车场 桌椅,656,13,http://venue.huodongxing.com/venue/detail/650699951992
232,活动行-活动场地,南山区,伞友咖啡,伞友咖啡,0755-***28511,聚会 团建 分享会/沙龙,5000元/天 起,400 平米起,200 人,深圳市南山区高新区南区虚拟大学园院校产业化大楼1楼,投影设备 音响 麦克风 WIFI 茶歇 餐饮 黑白板 桌椅,823,18,http://venue.huodongxing.com/venue/detail/460698813308
233,活动行-活动场地,南山区,华美术馆,华美术馆,0755-***93111,分享会/沙龙 发布会 展览,8000元/天 起,800 平米起,600 人,广东省深圳市南山区华侨城深南大道9009号,投影设备 音响 麦克风 WIFI 黑白板 桌椅,821,28,http://venue.huodongxing.com/venue/detail/890700424323
234,活动行-活动场地,南山区,AS孵化空间,AS孵化空间,027-8***3357,分享会/沙龙 发布会 课程,3000元/天 起,118 平米起,70 人,深圳市南山区南山街道海天一路软件产业基地4幢A座,投影设备 银幕 音响 麦克风 WIFI 停车场 黑白板 讲台 桌椅,1021,7,http://venue.huodongxing.com/venue/detail/390699744645
235,活动行-活动场地,南山区,慢乐派对,慢乐派对,0755-***07878,聚会 团建 分享会/沙龙,20000元/天 起,450 平米起,200 人,深圳市南山区白石路东8号欢乐海岸曲水湾13栋B座,音响 麦克风 WIFI 茶歇 餐饮 黑白板 桌椅,1076,46,http://venue.huodongxing.com/venue/detail/400698792327
236,活动行-活动场地,南山区,汉王白酒文化体验馆,王钰,18185***199,聚会 DIY 体验 分享会/沙龙,8000元/天 起,100 平米起,30 人,深圳市南山区智慧广场A座,音响 麦克风 WIFI 茶歇 餐饮 桌椅,672,46,http://venue.huodongxing.com/venue/detail/110699724170
237,活动行-活动场地,南山区,跨界空间,邹雅静,18307***842,团建 发布会 赛事,"600元/小时 起
周一~周四600元/小时 周五~周日700元/小时",554 平米起,150 人,深圳市南山区西丽金谷创业园F栋跨界空间,投影设备 银幕 音响 麦克风 WIFI 黑白板 舞台灯 讲台 舞台 桌椅,1042,25,http://venue.huodongxing.com/venue/detail/210698568077
238,活动行-活动场地,南山区,深圳V90桌游咖啡吧,深圳V90桌游咖啡吧,15999***458,聚会 DIY 体验 分享会/沙龙,2000元/天 起,60 平米起,25 人,深圳市南山区西丽镇旺棠工业区12栋3号门2楼,投影设备 音响 麦克风 WIFI 茶歇 桌椅,768,30,http://venue.huodongxing.com/venue/detail/360700254611
239,活动行-活动场地,南山区,创咖e派创客空间,曾先生,13713***817,商务活动 分享会/沙龙 发布会,3000元/天 起,100 平米起,50 人,深圳市南山区软件产业基地5D420（深圳湾创业广场）,投影设备 音响 麦克风 WIFI 茶歇 餐饮 黑白板 桌椅,863,7,http://venue.huodongxing.com/venue/detail/850706716564
240,活动行-活动场地,南山区,纳克酒吧Lakeclub,纳克酒吧Lakeclub,0755-***55522,聚会 团建 分享会/沙龙,375元/天 起,600 平米起,300 人,深圳市南山区桃园东路南航商业大厦一楼(桃园地铁站D出口),投影设备 音响 麦克风 WIFI 茶歇 餐饮 黑白板 桌椅,689,19,http://venue.huodongxing.com/venue/detail/420700479382
241,活动行-活动场地,南山区,和禾心灵童趣馆,和禾心灵童趣馆,13978***919,聚会 团建,5000元/天 起,100 平米起,100 人,深圳市南山区创业路南浪琴屿花园,投影设备 音响 麦克风 WIFI 茶歇 餐饮,918,12,http://venue.huodongxing.com/venue/detail/510700499865
242,活动行-活动场地,南山区,意启创业车库,意启创业车库,0755-***81788,团建 分享会/沙龙 发布会,5000元/天 起,640 平米起,500 人,广州省深圳市南山区海德三道天利中央广场B座负一层,投影设备 音响 麦克风 WIFI 黑白板 桌椅,720,49,http://venue.huodongxing.com/venue/detail/470699756187
243,活动行-活动场地,南山区,大数企业家俱乐部,大数企业家俱乐部,0755-***16999,团建 分享会/沙龙 课程,13800元/天 起,350 平米起,300 人,深圳市南山区华侨城侨香路4068号智慧广场A栋1单元19楼,投影设备 音响 麦克风 WIFI 茶歇 餐饮 黑白板 讲台 桌椅,913,33,http://venue.huodongxing.com/venue/detail/570698740892
244,活动行-活动场地,南山区,虹彩妹妹西餐厅,虹彩妹妹西餐厅,0755-***08331,聚会 分享会/沙龙,5000元/天 起,150 平米起,100 人,深圳市南山区科苑路5号,投影设备 音响 麦克风 WIFI 茶歇 餐饮 桌椅,964,40,http://venue.huodongxing.com/venue/detail/540700236456
245,活动行-活动场地,南山区,深圳空体新媒体实验室,深圳空体新媒体实验室,13823***809,DIY 体验 分享会/沙龙,40000元/天 起,400 平米起,300 人,深圳市南山区科技园虚拟大学园R3-A一楼,投影设备 音响 麦克风 WIFI 茶歇 餐饮 停车场 黑白板,937,30,http://venue.huodongxing.com/venue/detail/520699993516
246,活动行-活动场地,南山区,白梧桐轰趴馆（南山店）,白梧桐轰趴馆（南山店）,18813***204,聚会 团建 分享会/沙龙,5000元/天 起,220 平米起,90 人,深圳市南山区白石洲沙河工业区27栋2楼,投影设备 音响 麦克风 WIFI 餐饮 停车场,886,21,http://venue.huodongxing.com/venue/detail/190700254637
247,活动行-活动场地,南山区,物联网咖啡活动厅,物联网咖啡,18038***823,聚会 分享会/沙龙 发布会,1200元/天 起,300 平米起,50 人,深圳市南山区高新园北区新西路5号银河风云大厦1楼（物联网咖啡）,投影设备 音响 麦克风 WIFI 茶歇,1304,30,http://venue.huodongxing.com/venue/detail/640691321263
248,活动行-活动场地,南山区,艾嘉路意大利餐厅(欢乐海岸店),艾嘉路意大利餐厅(欢乐海岸店),0755-***41060,聚会 分享会/沙龙,15000元/天 起,300 平米起,120 人,深圳市南山区白石路8号欢乐海岸曲水湾12栋1楼（近滨海大道）,投影设备 音响 麦克风 WIFI 茶歇 餐饮 桌椅,963,14,http://venue.huodongxing.com/venue/detail/400698986928
249,活动行-活动场地,南山区,深圳锦绣中华民俗文化村,徐先生,13926***541,团建 会议/论坛 现场演出,150元/人 起,10000 平米起,7000 人,广东省深圳市南山区深南大道9003,投影设备 银幕 音响 麦克风 WIFI 茶歇 餐饮 黑白板 桌椅,957,29,http://venue.huodongxing.com/venue/detail/570699993520
250,活动行-活动场地,南山区,绽放花园B.PARK,绽放花园B.PARK,0755-***16596,聚会 分享会/沙龙 发布会 展览,"10000元/天 起
此为路演区的参考价格",600 平米起,400 人,深圳市南山区华侨城创意文化园B1栋1楼101号,投影设备 银幕 音响 麦克风 WIFI 茶歇 餐饮 桌椅 LED屏,1162,25,http://venue.huodongxing.com/venue/detail/210691321265
251,活动行-活动场地,南山区,一渡堂,一渡堂,07558***6046,分享会/沙龙 现场演出,10000元/天 起,300 平米起,200 人,深圳市南山区华侨城恩平街Oct文化创意园F3栋,投影设备 音响 麦克风 餐饮 黑白板 桌椅,946,21,http://venue.huodongxing.com/venue/detail/640700438709
252,活动行-活动场地,南山区,种子社区创客空间,种子社区创客空间,13923***025,商务活动 分享会/沙龙 发布会,6000元/天 起,320 平米起,150 人,深圳市南山科技园文化广场一层1-23号,投影设备 音响 麦克风 WIFI 停车场 黑白板 桌椅 电视,1008,26,http://venue.huodongxing.com/venue/detail/390699962294
253,活动行-活动场地,南山区,T馆,T馆,0755-***43111,商务活动 分享会/沙龙 课程,8000元/天 起,500 平米起,200 人,深圳市南山区香山东街2号华侨城创意文化园北区B3栋101,投影设备 音响 麦克风 WIFI 茶歇 餐饮 桌椅,671,16,http://venue.huodongxing.com/venue/detail/630699776694
254,活动行-活动场地,南山区,深圳棕榈泉国际俱乐部,王小姐,13828***086,聚会 团建 分享会/沙龙,56000元/天 起,680 平米起,580 人,广东省深圳市南山区沙河东路3号,投影设备 音响 麦克风 WIFI 茶歇 餐饮 黑白板 桌椅,721,48,http://venue.huodongxing.com/venue/detail/990699053495
255,活动行-活动场地,南山区,悦木,悦木,0755-***30900,团建 分享会/沙龙 发布会,200元/人 起,300 平米起,250 人,广东省深圳市南山区海岸城文心四路160-161号,投影设备 音响 麦克风 WIFI 茶歇 餐饮 黑白板 桌椅,1056,12,http://venue.huodongxing.com/venue/detail/150700469178
256,活动行-活动场地,南山区,蓝马咖啡厅,蓝马咖啡厅,18929***475,聚会 团建 DIY 体验,2800元/天 起,200 平米起,80 人,广东省深圳市南山科技园桑达科技大厦1楼,投影设备 音响 麦克风 WIFI 茶歇 餐饮 停车场 桌椅,1037,24,http://venue.huodongxing.com/venue/detail/690693055934
257,活动行-活动场地,南山区,禅香茗谷茶艺文化苑,黄小姐,13686***301,聚会 团建 分享会/沙龙,5000元/天 起,200 平米起,60 人,深圳市南山区华侨城侨香路智慧广场商业中心BM层6-8号,投影设备 银幕 音响 麦克风 WIFI 茶歇 餐饮 黑白板 桌椅,887,5,http://venue.huodongxing.com/venue/detail/690699042247
258,活动行-活动场地,南山区,深圳麒麟山庄,深圳麒麟山庄,0755-***26028,分享会/沙龙 发布会 会议/论坛,48000元/天 起,630 平米起,600 人,深圳市南山区西丽湖侧沁园路4599号,投影设备 银幕 音响 麦克风 WIFI 茶歇 餐饮 停车场 黑白板 舞台灯 讲台 舞台 桌椅 电视 LED屏,642,47,http://venue.huodongxing.com/venue/detail/530698813385
259,活动行-活动场地,南山区,Lacafe（欢乐海岸店）,Lacafe（欢乐海岸店）,0755-***26736,聚会 分享会/沙龙,5000元/天 起,300 平米起,100 人,深圳市南山区欢乐海岸曲水湾19栋(白石路东),投影设备 银幕 音响 麦克风 WIFI 茶歇 餐饮 停车场 舞台灯 舞台 桌椅,1009,10,http://venue.huodongxing.com/venue/detail/530698792399
260,活动行-活动场地,南山区,深圳南山文体中心聚橙剧院,深圳南山文体中心聚橙剧院,0755-***22592,分享会/沙龙 发布会 会议/论坛,50000元/天 起,4000 平米起,1325 人,广东省深圳市南山区南山大道2106-3号,投影设备 银幕 音响 麦克风 WIFI 茶歇 餐饮 停车场 黑白板 舞台灯 讲台 舞台 桌椅 电视 LED屏,723,24,http://venue.huodongxing.com/venue/detail/870699766224
261,活动行-活动场地,南山区,天空之城自然科学互动体验中心,天空之城自然科学互动体验中心,07752***0190,聚会 团建 分享会/沙龙,15000元/天 起,1200 平米起,300 人,深圳市南山区桃园街道沙河东路欧洲城香江家居4楼天空之城,投影设备 音响 麦克风 WIFI 茶歇 停车场 桌椅,739,9,http://venue.huodongxing.com/venue/detail/920700263121
262,活动行-活动场地,南山区,奥鹏深圳学习中心,奥鹏深圳学习中心,0755-***55010,商务活动 分享会/沙龙 课程,3000元/天 起,150 平米起,100 人,广东省深圳市南山区科技园TCL大厦A座二楼,投影设备 音响 麦克风 WIFI 黑白板 讲台 桌椅,710,8,http://venue.huodongxing.com/venue/detail/850699993554
263,活动行-活动场地,南山区,萨姆王•小餐馆,萨姆王•小餐馆,0755-***59426,聚会 分享会/沙龙,5000元/天 起,219 平米起,70 人,深圳市南山区科苑路8号讯美科技广场3号楼群一楼2号铺讯美科技广场3号楼群一楼2号铺,音响 麦克风 WIFI 茶歇 餐饮 停车场 桌椅,986,30,http://venue.huodongxing.com/venue/detail/250699993556
264,活动行-活动场地,南山区,G&G创意社区,G&G创意社区,18666***521,商务活动 发布会 会议/论坛,5000元/天 起,3000 平米起,1200 人,深圳市南山区蛇口招商街道荔园路9号,投影设备 银幕 音响 麦克风 WIFI 停车场 黑白板 桌椅,999,50,http://venue.huodongxing.com/venue/detail/920700254676
265,活动行-活动场地,南山区,SOCAFÉ,王小姐,15012***942,聚会 团建 分享会/沙龙,300元/小时 起,360 平米起,150 人,深圳市南山区科园路北科大厦一楼商铺102-2SoCafe,投影设备 音响 麦克风 WIFI 茶歇 餐饮 停车场 桌椅,1375,26,http://venue.huodongxing.com/venue/detail/740688731349
266,活动行-活动场地,南山区,圈创101社区,圈创101社区,0755-***12159,团建 分享会/沙龙 发布会,50000元/天 起,500 平米起,500 人,深圳市南山区蛇口南海大道1055号TCL工业园C栋,投影设备 音响 麦克风 WIFI 茶歇 餐饮 黑白板 桌椅,740,38,http://venue.huodongxing.com/venue/detail/770698761435
267,活动行-活动场地,南山区,皖厨,皖厨,0755-***05061,聚会 分享会/沙龙,5000元/天 起,100 平米起,100 人,深圳市南山区欢乐海岸北区购物中心2楼047-048,投影设备 音响 麦克风 WIFI,630,48,http://venue.huodongxing.com/venue/detail/510700263132
268,活动行-活动场地,南山区,深圳兰赫美特,王先生,13728***926,团建 分享会/沙龙 发布会,11000元/天 起,160 平米起,110 人,广东省深圳市南山区南海大道3031号,投影设备 音响 麦克风 WIFI 茶歇 餐饮 黑白板 桌椅,580,41,http://venue.huodongxing.com/venue/detail/830699714016
269,活动行-活动场地,南山区,深圳1898会馆,深圳1898会馆,0755-***65999,团建 分享会/沙龙 发布会,4500元/天 起,100 平米起,100 人,广东省南山区艺园路19号名家富居独立商业楼3楼南,投影设备 音响 麦克风 WIFI 黑白板 桌椅,918,31,http://venue.huodongxing.com/venue/detail/820699962338
270,活动行-活动场地,南山区,智会2030,智会2030,07552***1111,商务活动 课程 会议/论坛,50000元/天 起,3000 平米起,1010 人,深圳市南山区滨海大道3012号三诺智慧大厦,投影设备 银幕 音响 麦克风 WIFI 茶歇 餐饮 停车场 舞台灯 舞台 桌椅 LED屏,742,32,http://venue.huodongxing.com/venue/detail/490700469219
271,活动行-活动场地,南山区,食冶,食冶,0755-***93033,聚会 团建 分享会/沙龙,287元/人 起,350 平米起,100 人,深圳市南山区文心四路34号海岸城西座F3层307A、302C,投影设备 音响 麦克风 WIFI 茶歇 餐饮 黑白板 桌椅,952,30,http://venue.huodongxing.com/venue/detail/180700469225
272,活动行-活动场地,南山区,ONES壹会,ONES壹会,0755-***66008,聚会 团建 分享会/沙龙,5000元/天 起,500 平米起,300 人,深圳市南山区深港现代服务业合作区前湾一路63号前海企业公馆19栋,投影设备 银幕 音响 麦克风 WIFI 茶歇 餐饮 黑白板 桌椅,700,39,http://venue.huodongxing.com/venue/detail/370698813161
273,活动行-活动场地,南山区,亚咖啡SIACAFE,亚咖啡SIACAFE,0755-***63691,聚会 分享会/沙龙,5000元/天 起,100 平米起,100 人,深圳市南山区西丽民企科技园卓翼科技大厦5栋北1层,投影设备 音响 麦克风 WIFI 茶歇 餐饮 桌椅,789,24,http://venue.huodongxing.com/venue/detail/290698782186
274,活动行-活动场地,南山区,优客/UKLUB,优客/UKLUB,0755-***99898,聚会 商务活动 分享会/沙龙,30000元/天 起,1000 平米起,1000 人,深圳市南山区白石路东欢乐海岸曲水湾18栋,投影设备 音响 麦克风 WIFI 茶歇 餐饮 停车场 桌椅,711,27,http://venue.huodongxing.com/venue/detail/820699032043
275,活动行-活动场地,南山区,蓝玛赫,蓝玛赫,07558***1039,分享会/沙龙,9000元/天 起,230 平米起,100 人,深圳市南山区白石路东8号欢乐海岸曲水湾8栋,投影设备 音响 麦克风 WIFI 茶歇 餐饮 桌椅,1075,28,http://venue.huodongxing.com/venue/detail/990698997484
276,活动行-活动场地,南山区,梦空间,梦空间,0755-***00405,聚会 团建 分享会/沙龙,1600元/天 起,300 平米起,100 人,深圳市南山区侨城东路99号深南电路107号铺,音响 麦克风 WIFI 茶歇 餐饮 黑白板 桌椅,1053,30,http://venue.huodongxing.com/venue/detail/690698802926
277,活动行-活动场地,南山区,PIPETTE法国餐厅,PIPETTE法国餐厅,0755-***93388,聚会 团建 分享会/沙龙,5000元/天 起,100 平米起,100 人,广东省深圳市南山区深南大道9009号华侨城洲际大酒店L楼,投影设备 音响 麦克风 WIFI 黑白板 桌椅,992,35,http://venue.huodongxing.com/venue/detail/950700438510
278,活动行-活动场地,南山区,创业魔方,创业魔方,13602***959,分享会/沙龙 发布会 课程,3000元/天 起,120 平米起,100 人,深圳市南山区西丽留仙大道创客小镇17栋,投影设备 音响 麦克风 WIFI 茶歇 餐饮 黑白板 桌椅 LED屏,879,10,http://venue.huodongxing.com/venue/detail/300698751217
279,活动行-活动场地,南山区,Tina’s意大利西餐厅,Tina’s意大利西餐厅,07552***1667,聚会 DIY 体验 分享会/沙龙,5000元/天 起,100 平米起,100 人,深圳市南山区科技园北区松坪山路一号源兴科技大厦南座首层,投影设备 音响 麦克风 WIFI 茶歇 餐饮 停车场 桌椅,750,14,http://venue.huodongxing.com/venue/detail/670698792437
280,活动行-活动场地,南山区,深圳柏涛·壹瓦社区,深圳柏涛·壹瓦社区,17806***332,分享会/沙龙 发布会 课程,3000元/天 起,100 平米起,100 人,深圳市南山区华侨城创意园锦绣北街金众工业区201栋,投影设备 音响 麦克风 WIFI 黑白板 桌椅,1019,45,http://venue.huodongxing.com/venue/detail/410699983096
281,活动行-活动场地,南山区,DayDayUp,DayDayUp,18701***217,分享会/沙龙 发布会 课程,5000元/天 起,1700 平米起,120 人,深圳南山区大冲路18号华润置地E座5层,投影设备 音响 麦克风 桌椅,604,46,http://venue.huodongxing.com/venue/detail/300700192761
282,活动行-活动场地,南山区,深圳中胤文化,潘先生,15986***140,团建 分享会/沙龙 发布会,10000元/天 起,320 平米起,180 人,广东省深圳市南山区后海滨路保利剧院3号门3楼,投影设备 音响 麦克风 WIFI 黑白板 桌椅,787,49,http://venue.huodongxing.com/venue/detail/690699993340
283,活动行-活动场地,南山区,深圳TCL国际e城会所,金阳,18624***310,团建 分享会/沙龙 发布会,2500元/天 起,300 平米起,80 人,广东省深圳市南山区中山园路1001号TCL国际e城会所,投影设备 音响 麦克风 WIFI 黑白板 桌椅,820,36,http://venue.huodongxing.com/venue/detail/720699962365
284,活动行-活动场地,宝安区,任太生活馆,周彩连,19926***992,聚会 商务活动 团建 DIY 体验 分享会/沙龙 发布会 课程 会议/论坛 展览 路演 轰趴 亲子 读书会 年会,"350元/时 起
按不同活动和不同的需求给出价格。",160 平米起,100 人,新安二路140号,投影设备 银幕 音响 麦克风 WIFI 茶歇 餐饮 停车场 黑白板 讲台 桌椅,295,4,http://venue.huodongxing.com/venue/detail/910945082170
285,活动行-活动场地,宝安区,深圳市智汇创新中心,Daisy,18566***877,聚会 分享会/沙龙 发布会 课程 会议/论坛 路演,1000元/半天 起,526 平米起,100 人,深圳市宝安区西乡街道前进二路149号,投影设备 音响 麦克风 WIFI 茶歇 讲台,249,2,http://venue.huodongxing.com/venue/detail/380825716795
286,活动行-活动场地,宝安区,欣明禧文化艺术中心,张菲,13392***231,聚会 商务活动 团建 DIY 体验 分享会/沙龙 发布会 课程 会议/论坛 展览 路演 亲子 读书会 年会,"1300元/半天 起
多个空间出租，可容纳10-200人。 费用标准： 容纳50-200人的空间全天费用为5000元，8小时内，半天费用为2500元，4小时内，超时另计费。 容纳20-100人的空间全天费用为2500元，8小时内，半天费用为1300元，4小时内，超时另计费。 容纳5-15人的空间全天费用为1200元，8小时内，半天费用为600元，4小时内，超时另计费。 以上收费包含桌椅、投影音响话筒或移动屏、讲台。",200 平米起,100 人,明禧创意园A2栋2楼,投影设备 银幕 音响 麦克风 WIFI 茶歇 餐饮 停车场 黑白板 舞台灯 讲台 舞台 桌椅 LED屏,149,0,http://venue.huodongxing.com/venue/detail/940922004576
287,活动行-活动场地,宝安区,李斯古德-天人艺术空间,江来,13025***466,分享会/沙龙 发布会 课程 会议/论坛 现场演出 展览,"1元/天 起
关于艺术或文化类的非盈利性活动可免费使用",400 平米起,80 人,广东省深圳市宝安区新安四路198号宝立方博览中心3楼L309-L315,投影设备 音响 麦克风 WIFI 舞台灯 舞台 桌椅,409,0,http://venue.huodongxing.com/venue/detail/500832902014
288,活动行-活动场地,宝安区,光明区中粮云景广场（六号线公明广场地铁旁）,,***,聚会 商务活动 团建 DIY 体验 分享会/沙龙 发布会 课程 会议/论坛 现场演出 展览 集市 赛事 路演 轰趴 亲子 读书会 年会,200元/天 起,100 平米起,25 人,光明区中粮云景广场,投影设备 银幕 音响 麦克风 WIFI 茶歇 餐饮 停车场 黑白板 讲台 桌椅 电视,10,0,http://venue.huodongxing.com/venue/detail/730997355458
289,活动行-活动场地,宝安区,壹夥,Leo,19924***233,聚会 商务活动 团建 DIY 体验 分享会/沙龙 发布会 会议/论坛 路演 轰趴 年会,"3000元/天 起
11:00-16:00或17:00-22:00：¥1500 全天包场¥3000 提供餐饮，¥299-¥399/人，10人起订。",800 平米起,100 人,深圳市宝安区新安街道大宝路49号6层,投影设备 音响 麦克风 餐饮 停车场 黑白板 舞台 桌椅 电视,7,0,http://venue.huodongxing.com/venue/detail/220991327390
290,活动行-活动场地,宝安区,众里创新社区·洪浪北路演厅,Leo,19924***233,商务活动 DIY 体验 分享会/沙龙 发布会 课程 会议/论坛 展览 集市 赛事 路演,"2500元/天 起
¥1500/半天；¥2500/天。",200 平米起,180 人,新安街道大宝路49号1层众里创新社区·洪浪北,投影设备 音响 麦克风 WIFI 停车场 桌椅 电视,4,0,http://venue.huodongxing.com/venue/detail/130990608329
291,活动行-活动场地,宝安区,众里创新社区·宝体路演厅,Leo,19924***233,商务活动 DIY 体验 分享会/沙龙 发布会 课程 会议/论坛 展览 集市 路演,"2000元/天 起
¥1200/半天；¥2000/天",80 平米起,100 人,玉林路5号御景湾裙楼2层众里创新社区·宝体,投影设备 音响 麦克风 WIFI 讲台 桌椅 电视,1,0,http://venue.huodongxing.com/venue/detail/480990597415
292,活动行-活动场地,宝安区,众里创新社区·兴东路演厅,Leo,19924***233,商务活动 DIY 体验 分享会/沙龙 发布会 课程 会议/论坛 展览 集市 赛事 路演,"2500元/天 起
¥1500/半天；¥2500/天。",170 平米起,150 人,新安街道71区建设工业园J栋1层众里创新社区·兴东,投影设备 音响 麦克风 WIFI 黑白板 讲台 桌椅 电视,2,0,http://venue.huodongxing.com/venue/detail/400990608271
293,活动行-活动场地,宝安区,OAO艺术空间,张江,18620***520,商务活动 DIY 体验 分享会/沙龙 发布会 课程 会议/论坛 现场演出 展览 集市 赛事 路演 亲子 读书会 年会 其他,"5000元/天 起
价格2000-15000不等，优质活动可以免费提供。",2500 平米起,230 人,福永街道智美汇志产业园,投影设备 音响 麦克风 WIFI 茶歇 餐饮 停车场 黑白板 舞台灯 讲台 舞台 桌椅 电视 LED屏,3,0,http://venue.huodongxing.com/venue/detail/760990368174
294,活动行-活动场地,宝安区,简约书吧-立新湖店,陈琼燕,13823***391,聚会 DIY 体验 分享会/沙龙 课程 会议/论坛 亲子 读书会,"2400元/天 起
室外展示区：一楼户外-面积500㎡-二楼天台-面积300㎡-租金均为8000元/天 多功能区：开放式多功能区-面积60㎡-租金2400元/天",1850 平米起,200 人,福永街道白石厦社区,投影设备 茶歇 桌椅,11,0,http://venue.huodongxing.com/venue/detail/160987293898
295,活动行-活动场地,宝安区,简约书吧-福永店,陈琼燕,13823***391,聚会 DIY 体验 会议/论坛 展览 亲子 读书会,"2400元/天 起
多功能区：开放式功能区-面积20㎡-休闲区-面积40㎡-租金均为2400元/天",350 平米起,80 人,福永街道怀德南路与翠岗西路交汇处,桌椅,5,0,http://venue.huodongxing.com/venue/detail/640987299333
296,活动行-活动场地,宝安区,简约书吧-新桥店,陈琼燕,13823***391,DIY 体验 分享会/沙龙 会议/论坛 亲子 读书会,"2000元/天 起
多功能区：讲台-面积20㎡以上-休闲区-面积25㎡-租金2500元/天",600 平米起,150 人,新桥街道上崇路新桥市民广场北侧,桌椅,7,0,http://venue.huodongxing.com/venue/detail/580987294026
297,活动行-活动场地,宝安区,简约书吧-福海桥头店,陈琼燕,13823***391,DIY 体验 分享会/沙龙 会议/论坛 亲子 读书会,"2000元/天 起
功能区：开放式多功能区-面积50㎡-租金2000元/天",480 平米起,90 人,鸿德园内,投影设备 桌椅,4,0,http://venue.huodongxing.com/venue/detail/400987293953
298,活动行-活动场地,宝安区,航城街道粤港澳湾区青年创业（就业）营,陈翡,15814***115,商务活动 分享会/沙龙 发布会 课程 会议/论坛 路演 读书会,"100元/天 起
价格根据活动情况商议确定，若活动主题与创新创业相关，可提供免费场地。",100 平米起,50 人,宝星智荟城2栋2楼航城街道粤港澳湾区青年创业（就业）营,投影设备 银幕 音响 麦克风 WIFI 停车场 黑白板 讲台 桌椅,10,0,http://venue.huodongxing.com/venue/detail/230968751492
299,活动行-活动场地,宝安区,保利艺术空间,保利艺术空间,18682***270,聚会 团建 DIY 体验 发布会 课程 现场演出 展览 亲子 读书会,"5000元/天 起
根据使用面积大小、日期、设备、活动内容需求等条件具体面议",1000 平米起,100 人,壹方城L1-J026保利艺术空间,投影设备 银幕 音响 麦克风 WIFI 茶歇 餐饮 停车场 黑白板 舞台灯 讲台 舞台 桌椅 电视,30,0,http://venue.huodongxing.com/venue/detail/180935647968
300,活动行-活动场地,宝安区,佑尼国际儿童教育中心,刘嘉仪,13823***014,亲子,"500元/天 起
具体场地出租费用请与我联系洽谈，谢谢！",200 平米起,60 人,新湖路2090号,投影设备 音响 WIFI 茶歇 停车场 黑白板 桌椅 电视,17,0,http://venue.huodongxing.com/venue/detail/470868031832
301,活动行-活动场地,宝安区,泰华梧桐酒店大型会议室,陈津津,18098***673,商务活动 发布会 课程 会议/论坛 展览 路演 年会,8000元/1天 起,490 平米起,400 人,航城街道泰华梧桐岛4b栋,投影设备 音响 麦克风 WIFI 停车场 黑白板 舞台灯 舞台 桌椅,117,0,http://venue.huodongxing.com/venue/detail/390853129634
302,活动行-活动场地,宝安区,扬文教育城,黄粤豪,13632***021,发布会 课程 会议/论坛,"1000元/天 起
500元/半天，可面议",80 平米起,90 人,沙井西环路2108号扬文教育城3楼,投影设备 音响 麦克风 WIFI 讲台 桌椅 LED屏,28,0,http://venue.huodongxing.com/venue/detail/260851197897
303,活动行-活动场地,宝安区,禅意空间,多末,18565***697,聚会 分享会/沙龙 课程 亲子 读书会,"100元/小时 起
最少两个小时，只提供茶水，如果有其他需求提前沟通~",20 平米起,20 人,深圳宝安区西乡天虹汇一城,投影设备 音响 麦克风 WIFI 茶歇 停车场 黑白板 讲台 桌椅,113,1,http://venue.huodongxing.com/venue/detail/700849599297
304,活动行-活动场地,宝安区,中粮地产集团中心大厦,陈广顺,17788***270,商务活动 DIY 体验 分享会/沙龙 课程 路演 读书会 其他,100元/天 起,100 平米起,25 人,龙井二路中粮地产集团中心,投影设备 音响 麦克风 WIFI 停车场 黑白板 桌椅,190,1,http://venue.huodongxing.com/venue/detail/270844972263
305,活动行-活动场地,宝安区,华旭国学院,华旭国学院,13651***591,分享会/沙龙 发布会 课程,8000元/天 起,222 平米起,200 人,深圳市宝安区宝安大道5010号西部硅谷D座,投影设备 银幕 音响 麦克风 WIFI 茶歇 餐饮 黑白板 桌椅,1050,20,http://venue.huodongxing.com/venue/detail/160698740748
306,活动行-活动场地,宝安区,德冠廷创客空间,德冠廷创客空间,13265***307,分享会/沙龙 发布会 课程,3000元/天 起,700 平米起,150 人,深圳市宝安区创业二路与新安三路交汇处金龙轩3F,投影设备 音响 麦克风 WIFI 茶歇 黑白板 桌椅,634,40,http://venue.huodongxing.com/venue/detail/610699941910
307,活动行-活动场地,宝安区,深圳碧海湾高尔夫俱乐部,魏小姐,0755-***60000,聚会 团建 分享会/沙龙,8000元/天 起,300 平米起,150 人,广东省深圳市宝安区西乡大道新湖路,投影设备 音响 麦克风 WIFI 茶歇 餐饮 黑白板 桌椅,984,15,http://venue.huodongxing.com/venue/detail/530699714088
308,活动行-活动场地,宝安区,深圳海上田园,深圳海上田园,0755-***59888,分享会/沙龙,5000元/天 起,210 平米起,150 人,深圳市宝安区沙井西部海上田园旅游区,投影设备 音响 麦克风 WIFI 茶歇 餐饮 黑白板 桌椅,624,47,http://venue.huodongxing.com/venue/detail/130699031849
309,活动行-活动场地,宝安区,VR客厅,VR客厅,07552***0750,聚会 团建 分享会/沙龙,9800元/天 起,100 平米起,50 人,深圳市宝安区新安六路众里创业社区301,投影设备 音响 麦克风 WIFI 桌椅,1007,7,http://venue.huodongxing.com/venue/detail/840699983163
310,活动行-活动场地,宝安区,GeeCoffee,GeeCoffee,010-8***4885,聚会 分享会/沙龙 发布会,5000元/天 起,150 平米起,60 人,广东省深圳市宝安区观澜高尔夫大道观澜湖艺工场3栋1楼,投影设备 音响 麦克风 WIFI 黑白板 桌椅,535,18,http://venue.huodongxing.com/venue/detail/450700003645
311,活动行-活动场地,宝安区,海雅宴会厅,海雅宴会厅,13794***904,聚会 团建 分享会/沙龙,30000元/天 起,800 平米起,500 人,深圳市宝安区建安一路99号海雅缤纷城6-7楼,投影设备 音响 麦克风 WIFI 茶歇 餐饮 黑白板 桌椅,765,19,http://venue.huodongxing.com/venue/detail/340698813271
312,活动行-活动场地,宝安区,TOWO上品,TOWO上品,0755-***20555,聚会 团建 分享会/沙龙,2000元/天 起,80 平米起,70 人,深圳市宝安区西乡前进二路平峦山公园旁,投影设备 银幕 音响 麦克风 WIFI 茶歇 餐饮 黑白板 桌椅,670,36,http://venue.huodongxing.com/venue/detail/100698751346
313,活动行-活动场地,宝安区,Pupu乐,Pupu乐,0755-***13709,团建 分享会/沙龙 发布会,5000元/天 起,300 平米起,100 人,广东省深圳市宝安区西环路2105号新沙天虹购物中心L716,投影设备 音响 麦克风 WIFI 茶歇 餐饮 黑白板 桌椅,549,15,http://venue.huodongxing.com/venue/detail/290700448886
314,活动行-活动场地,宝安区,旭生大厦报告厅,杨小姐,18038***808,团建 分享会/沙龙 发布会,6000元/天 起,700 平米起,512 人,广东省深圳市宝安区西乡大道4004号旭生大厦三楼,投影设备 音响 麦克风 WIFI 黑白板 桌椅,842,41,http://venue.huodongxing.com/venue/detail/960699951991
315,活动行-活动场地,宝安区,西丽湖度假村,西丽湖度假村,0755-***11888,聚会 分享会/沙龙,8000元/天 起,156 平米起,100 人,深圳市宝安区西丽湖路4001号,投影设备 麦克风 WIFI 茶歇 餐饮,835,39,http://venue.huodongxing.com/venue/detail/520698997138
316,活动行-活动场地,宝安区,深圳旭生美术馆,深圳旭生美术馆,0755-***89331,发布会 展览 集市,8800元/天 起,1200 平米起,500 人,深圳市宝安区通成路旭生大厦三楼,投影设备 银幕 音响 麦克风 WIFI 停车场 桌椅,861,26,http://venue.huodongxing.com/venue/detail/750700197019
317,活动行-活动场地,宝安区,优创空间,优创空间,17722***188,分享会/沙龙 发布会,5000元/天 起,300 平米起,200 人,深圳市宝安区新安街道群辉路3号,投影设备 音响 麦克风 WIFI 茶歇 餐饮 讲台 桌椅,1001,40,http://venue.huodongxing.com/venue/detail/460699745949
318,活动行-活动场地,宝安区,利宝阁,利宝阁,0755-***31666,聚会 商务活动 分享会/沙龙,50000元/天 起,1200 平米起,300 人,深圳市宝安区新安街道新湖路99号壹方城L4—003号铺,投影设备 音响 麦克风 WIFI 茶歇 餐饮,698,34,http://venue.huodongxing.com/venue/detail/530699031980
319,活动行-活动场地,宝安区,中亚会议中心,王耀虎,15820***665,商务活动 发布会 会议/论坛,1500元/天 起,6000 平米起,3000 人,深圳市宝安区沙井岗头路20号中亚硅谷海岸,投影设备 音响 麦克风 WIFI 停车场 黑白板 舞台灯 讲台 舞台 桌椅 LED屏,865,37,http://venue.huodongxing.com/venue/detail/450697348013
320,活动行-活动场地,宝安区,深圳F518,余金国,13632***852,团建 分享会/沙龙 发布会,5000元/天 起,700 平米起,630 人,广东省深圳市宝安区宝源路F518时尚创意园F17,投影设备 音响 麦克风 WIFI 黑白板 桌椅,593,15,http://venue.huodongxing.com/venue/detail/480699962576
321,活动行-活动场地,宝安区,深圳前海,深圳前海,0755-***89918,分享会/沙龙 发布会 会议/论坛,5000元/天 起,120 平米起,130 人,深圳市宝安区新安街道创业二路463号,投影设备 银幕 音响 麦克风 WIFI 茶歇 餐饮 停车场 黑白板 桌椅,625,14,http://venue.huodongxing.com/venue/detail/120698751198
322,活动行-活动场地,宝安区,深圳CSST安防学院,刘老师,13602***490,分享会/沙龙 发布会 课程,5000元/天 起,400 平米起,300 人,广东省深圳市宝安区观澜观光路大富工业区CSST安防学院,投影设备 音响 麦克风 WIFI 黑白板 桌椅,694,49,http://venue.huodongxing.com/venue/detail/670699756001
323,活动行-活动场地,宝安区,深圳帝文娜公馆,深圳帝文娜公馆,0755-***89999,商务活动 分享会/沙龙 发布会,5000元/天 起,140 平米起,140 人,广东省深圳市宝安区上川路201号,投影设备 音响 麦克风 WIFI 黑白板 桌椅,981,48,http://venue.huodongxing.com/venue/detail/320699993580
324,活动行-活动场地,宝安区,素匠泰茶,素匠泰茶,18126***289,聚会 团建 分享会/沙龙,3000元/天 起,100 平米起,100 人,广东省深圳市宝安区梅林路154-12号,投影设备 音响 麦克风 WIFI 茶歇 餐饮 黑白板 桌椅,1022,5,http://venue.huodongxing.com/venue/detail/960700479481
325,活动行-活动场地,龙岗区,觅思邦,胡攀桓,13823***360,聚会 团建 分享会/沙龙 发布会 现场演出 轰趴 读书会,"1300元/小时 起
包含室内室外区域，饮品食物另外结算。",5000 平米起,500 人,深圳市龙岗区布吉街道龙珠社区泉森创意园1栋3楼,音响 麦克风 WIFI 餐饮 舞台灯 舞台,229,1,http://venue.huodongxing.com/venue/detail/380947224942
326,活动行-活动场地,龙岗区,路演厅（U优·优客工场）,侯耀清,18566***663,分享会/沙龙 课程 路演,800元/天 起,120 平米起,60 人,广东省深圳市龙岗区龙城街道爱联社区市场路8号,投影设备 音响 麦克风 WIFI 黑白板 桌椅,286,1,http://venue.huodongxing.com/venue/detail/240782325361
327,活动行-活动场地,龙岗区,星河WORLD园区多功能厅,贾晶,18938***959,商务活动 发布会 会议/论坛,18000元/半天 起,810 平米起,550 人,深圳市龙岗区坂田五和大道雅南路1号星河领创天下一期三楼,投影设备 银幕 音响 麦克风 WIFI 茶歇 餐饮 停车场 黑白板 舞台灯 讲台 舞台 桌椅 电视 LED屏,312,2,http://venue.huodongxing.com/venue/detail/210758997661
328,活动行-活动场地,龙岗区,东江潮红色文化博物馆多媒体活动区,肖成洲,13823***656,团建 分享会/沙龙 发布会 课程 会议/论坛 现场演出 展览 亲子 读书会,"5000元/天 起
价格待定",400 平米起,150 人,新生路104号,投影设备 银幕 音响 麦克风 WIFI 黑白板 讲台 舞台 桌椅,12,0,http://venue.huodongxing.com/venue/detail/660936386461
329,活动行-活动场地,龙岗区,独栋别墅-HiGOOO连锁轰趴-十日谈店,团小姐,17818***020,聚会 商务活动 团建 DIY 体验 分享会/沙龙 发布会 课程 会议/论坛 路演 轰趴 亲子 读书会 年会 其他,"1890元/天 起
具体价格根据周末/周间及使用时长确定",850 平米起,50 人,莲花山庄芙蓉苑52号,投影设备 音响 麦克风 WIFI 餐饮 停车场 黑白板 讲台 桌椅 电视,32,0,http://venue.huodongxing.com/venue/detail/230907197228
330,活动行-活动场地,龙岗区,AI创新中心阶梯路演厅,天安云谷,***汪霞,分享会/沙龙 发布会 课程 路演 读书会,3600元/天 起,100 平米起,50 人,坂田天安云谷一期2栋201,投影设备 银幕 音响 麦克风 WIFI 茶歇 餐饮 停车场 黑白板 桌椅,20,0,http://venue.huodongxing.com/venue/detail/710900659559
331,活动行-活动场地,龙岗区,深圳坪山燕子湖国际会展中心,骆鑫,15915***400,商务活动 团建 分享会/沙龙 发布会 会议/论坛 现场演出 展览 集市 赛事 路演 年会,5000元/天 起,30000 平米起,5000 人,瑞景路36号,停车场,39,0,http://venue.huodongxing.com/venue/detail/410858172421
332,活动行-活动场地,龙岗区,平湖艺术文化中心,平湖艺术文化中心,0755-***68553,聚会 会议/论坛,30000元/天 起,2000 平米起,1000 人,深圳市龙岗区平湖文化中心,投影设备 银幕 音响 麦克风 WIFI 茶歇 餐饮 停车场 黑白板 舞台灯 讲台 舞台 桌椅 电视 LED屏,704,22,http://venue.huodongxing.com/venue/detail/370700469300
333,活动行-活动场地,龙岗区,深圳大芬油画村,销售小姐,13916***676,团建 分享会/沙龙 发布会,5000元/天 起,500 平米起,400 人,深圳市龙岗区布吉沿河路与布沙路的交叉口,投影设备 音响 麦克风 WIFI 茶歇 餐饮 黑白板 桌椅,623,18,http://venue.huodongxing.com/venue/detail/530699713871
334,活动行-活动场地,龙岗区,深圳文博宫多功能大厅,许先生,13689***800,发布会 会议/论坛 现场演出,21800元/天 起,1080 平米起,1000 人,广东省深圳市龙岗区布吉西环路88号,投影设备 音响 麦克风 WIFI 茶歇 餐饮 黑白板 桌椅,861,7,http://venue.huodongxing.com/venue/detail/900699756114
335,活动行-活动场地,龙岗区,深圳绿野仙洲,深圳绿野仙洲,13760***060,聚会 团建 分享会/沙龙,6800元/天 起,60 平米起,30 人,深圳市大鹏新区葵涌土洋社区东丽观海山庄，东海一路一号,投影设备 音响 麦克风 WIFI 茶歇 餐饮 黑白板,790,43,http://venue.huodongxing.com/venue/detail/520693236312
336,活动行-活动场地,龙岗区,嗨皮猫,邓游龙,15817***886,DIY 体验 分享会/沙龙 发布会,"1元/天 起
免费",200 平米起,100 人,深圳市龙岗区龙城街道正中时代大厦A座89号,投影设备 音响 麦克风 WIFI 茶歇 黑白板 桌椅,693,31,http://venue.huodongxing.com/venue/detail/430700003942
337,活动行-活动场地,龙岗区,艺象iDTOWN国际艺术区,艺象iDTOWN国际艺术区,0755-***05250,分享会/沙龙 课程 展览,5000元/天 起,100 平米起,100 人,深圳市大鹏新区葵鹏路106号(近官湖村海滩),投影设备 音响 麦克风 WIFI,969,27,http://venue.huodongxing.com/venue/detail/260700014443
338,活动行-活动场地,龙岗区,深圳时尚e城,深圳时尚e城,07552***8383,DIY 体验 分享会/沙龙 课程,2000元/天 起,275 平米起,150 人,深圳市龙岗区园山街道红棉四路23号时尚e城,投影设备 音响 麦克风 WIFI 桌椅,602,32,http://venue.huodongxing.com/venue/detail/810699952240
339,活动行-活动场地,龙岗区,深圳溪涌,深圳溪涌,0755-***78153,聚会 分享会/沙龙 发布会,5000元/天 起,240 平米起,180 人,深圳市龙岗区大鹏新区深葵路1085号,投影设备 音响 麦克风 WIFI 茶歇 餐饮 黑白板 桌椅,829,31,http://venue.huodongxing.com/venue/detail/620699031934
340,活动行-活动场地,龙岗区,华南城国际会展中心,华南城国际会展中心,0755-***68888,分享会/沙龙 发布会 会议/论坛,50000元/天 起,3000 平米起,1000 人,深圳市龙岗区平湖镇华南大道一号,投影设备 银幕 音响 麦克风 WIFI 茶歇 餐饮 停车场 黑白板 舞台灯 讲台 舞台 桌椅 电视 LED屏,914,32,http://venue.huodongxing.com/venue/detail/930699021697
341,活动行-活动场地,龙岗区,金海滩度假村,金海滩度假村,0755-***32929,聚会 商务活动 分享会/沙龙,10000元/天 起,250 平米起,100 人,深圳市龙岗区深葵路1024,投影设备 音响 麦克风 WIFI 茶歇 餐饮 桌椅,594,47,http://venue.huodongxing.com/venue/detail/600699031950
342,活动行-活动场地,龙岗区,嘿咖啡（中海康城店）,嘿咖啡（中海康城店）,18211***671,DIY 体验 分享会/沙龙,2000元/天 起,90 平米起,40 人,深圳市龙岗区中心城中海康城国际花园8栋122号,投影设备 音响 麦克风 WIFI 茶歇 餐饮,736,26,http://venue.huodongxing.com/venue/detail/190698782125
343,活动行-活动场地,龙岗区,深圳兰沁茶事,深圳兰沁茶事,0755-***21981,团建 DIY 体验 分享会/沙龙,8000元/天 起,150 平米起,70 人,深圳市龙岗区六约红棉一路中海大山地商铺25栋1-25号,投影设备 音响 麦克风 WIFI 茶歇 桌椅,737,9,http://venue.huodongxing.com/venue/detail/810693266358
344,活动行-活动场地,龙岗区,深圳金海滩度假村,廖小姐,13823***041,聚会 团建 分享会/沙龙,6000元/天 起,350 平米起,280 人,广东省深圳市龙岗区葵涌镇溪涌湾金海滩度假村,投影设备 银幕 音响 麦克风 WIFI 茶歇 餐饮 黑白板 桌椅,615,47,http://venue.huodongxing.com/venue/detail/900699734496
345,活动行-活动场地,龙岗区,深圳厚德楼文化产业园,深圳厚德楼文化产业园,0755-***93798,分享会/沙龙 发布会 课程,5000元/天 起,400 平米起,300 人,深圳市龙岗区南联梅园路46号,投影设备 音响 麦克风 WIFI,811,38,http://venue.huodongxing.com/venue/detail/660700182759
346,活动行-活动场地,盐田区,深圳大梅沙湾游艇会,韩春艳,13424***412,团建 分享会/沙龙 发布会,20000元/天 起,345 平米起,400 人,广东省深圳市盐田区盐梅路89号,投影设备 银幕 音响 麦克风 WIFI 茶歇 餐饮 黑白板 桌椅,771,28,http://venue.huodongxing.com/venue/detail/260699063583
347,活动行-活动场地,盐田区,鑫商圈,鑫商圈,17374***125,商务活动 分享会/沙龙,5000元/天 起,300 平米起,260 人,深圳市盐田区保税区7栋6楼,投影设备 音响 麦克风 WIFI 停车场 黑白板 讲台 桌椅,656,33,http://venue.huodongxing.com/venue/detail/120700003977
348,活动行-活动场地,盐田区,深圳鹿嘴山庄,谢运鹏,13823***630,聚会 团建 分享会/沙龙,6000元/天 起,120 平米起,130 人,广东省深圳市盐田区大鹏新区南澳杨梅坑,投影设备 音响 麦克风 WIFI 茶歇 餐饮 黑白板 桌椅,1006,5,http://venue.huodongxing.com/venue/detail/560699734473
349,活动行-活动场地,盐田区,深圳茵特拉根华侨城,深圳茵特拉根华侨城,0755-***83333,聚会 发布会 会议/论坛,20000元/天 起,1792 平米起,1800 人,广东省深圳市盐田区大梅沙东部华侨城,投影设备 银幕 音响 麦克风 WIFI 茶歇 餐饮 停车场 黑白板 舞台灯 讲台 舞台 桌椅 电视 LED屏,583,32,http://venue.huodongxing.com/venue/detail/840700263148
350,活动行-活动场地,龙华区,别墅-免费场地-免场地费,孙伟男,13128***6217,聚会 商务活动 团建 DIY 体验 分享会/沙龙 发布会 课程 会议/论坛 现场演出 集市 路演 轰趴 亲子 读书会 年会 其他,"1元/天 起
免场地费使用-免费使用",600 平米起,20 人,民治梅花山庄欣梅园A27栋别墅,投影设备 银幕 音响 麦克风 WIFI 茶歇 停车场 黑白板 讲台 桌椅 电视 LED屏,416,2,http://venue.huodongxing.com/venue/detail/560875691304
351,活动行-活动场地,龙华区,道场\会议室出租,毅京老师,13928***111,聚会 商务活动 团建 分享会/沙龙 发布会 课程 会议/论坛 现场演出 展览 路演,5000元/天 起,100 平米起,100 人,龙胜工业西路汉庭酒店6楼,投影设备 银幕 音响 麦克风 WIFI 茶歇 餐饮 停车场 黑白板 讲台 舞台 桌椅 电视,6,0,http://venue.huodongxing.com/venue/detail/730975118120
352,活动行-活动场地,龙华区,清湖丽景城2楼会议厅,张海翔,18503***058,商务活动 团建 分享会/沙龙 课程 读书会,"600元/天 起
会场、设备、空调、水电费",165 平米起,120 人,清湖丽景城中心2楼,投影设备 音响 麦克风 WIFI 茶歇 停车场 黑白板 舞台灯 讲台 舞台 桌椅,11,1,http://venue.huodongxing.com/venue/detail/110953679529
353,活动行-活动场地,龙华区,康铂酒店（深圳观澜环观南路店）,戴志显,18036***172,团建 分享会/沙龙 课程 会议/论坛 路演 读书会,"1元/天 起
大堂休息区、西餐厅下午茶区域免费、小型会议室酌情收费",400 平米起,200 人,观澜大道环观南路132号,投影设备 音响 麦克风 WIFI 茶歇 餐饮 停车场 黑白板 舞台灯 讲台 舞台 桌椅,21,1,http://venue.huodongxing.com/venue/detail/740916731831
354,活动行-活动场地,龙华区,鸿博厅,孙蕊,15013***201,商务活动 分享会/沙龙 课程 会议/论坛 现场演出 亲子 读书会,10000元/天 起,100 平米起,80 人,梅龙大道1389号,音响 麦克风 WIFI 讲台 桌椅,37,0,http://venue.huodongxing.com/venue/detail/160923201987
355,活动行-活动场地,龙华区,JG（金阁）艺术空间,孙蕊,15013***201,商务活动 发布会 会议/论坛 展览 读书会,"12000元/天 起
工作日10000-12000/天，周末节假日12000-15000/天",700 平米起,200 人,梅龙大道1389号,音响 麦克风 WIFI 茶歇 停车场 讲台 舞台 桌椅 LED屏,81,1,http://venue.huodongxing.com/venue/detail/510913839366
356,活动行-活动场地,龙华区,独栋别墅-HiGOOO连锁轰趴-双城记A馆,团小姐,17818***020,聚会 商务活动 团建 DIY 体验 分享会/沙龙 发布会 课程 会议/论坛 路演 轰趴 亲子 读书会 年会 其他,"1490元/天 起
具体价格根据周末/周间及使用时长确定",450 平米起,40 人,梅花山庄咏梅园F30栋,投影设备 音响 麦克风 WIFI 餐饮 停车场 黑白板 桌椅 电视,63,0,http://venue.huodongxing.com/venue/detail/290907360667
357,活动行-活动场地,龙华区,独栋别墅-HiGOOO连锁轰趴-双城记B馆,团小姐,17818***020,聚会 商务活动 团建 DIY 体验 分享会/沙龙 发布会 课程 会议/论坛 路演 轰趴 亲子 读书会 年会 其他,"840元/天 起
具体价格根据周末/周间及使用时长确定",150 平米起,25 人,梅花山庄咏梅园F30栋,投影设备 音响 麦克风 WIFI 餐饮 停车场 黑白板 舞台灯 讲台 舞台 桌椅 电视,81,0,http://venue.huodongxing.com/venue/detail/930907361100
358,活动行-活动场地,龙华区,220平空白场地,李瑶,19924***217,聚会 DIY 体验 分享会/沙龙 课程 路演 读书会,"1200元/天 起
摄影出租价格180一小时，三小时起租",220 平米起,35 人,深圳上早物业C20栋,投影设备 桌椅,39,0,http://venue.huodongxing.com/venue/detail/230889117587
359,活动行-活动场地,龙华区,剧本杀狼人杀推理馆、轰趴馆,哇▪WOW剧本杀推理社,17376***673,聚会 团建 分享会/沙龙 轰趴,"2000元/天 起
工作日1000每天，周末2000每天，店内备有各种桌游道具，饮料小食，如果需要组织剧本杀或者狼人杀，主持人费用另计，按照剧本时长收费，每天500封顶。",88 平米起,50 人,深圳市龙华区红山地铁站B口龙光玖钻1A座3009,投影设备 音响 WIFI 茶歇 停车场 黑白板,19,0,http://venue.huodongxing.com/venue/detail/390861734389
360,活动行-活动场地,龙华区,深圳梅花山庄欣梅园A27栋别墅,孙伟男,13128***6217,聚会 商务活动 团建 DIY 体验 分享会/沙龙 课程 会议/论坛 现场演出 轰趴 亲子 读书会 年会 其他,"1元/天 起
活动场地内设咖啡厅，咖啡消费可免场地费",600 平米起,50 人,民治梅花山庄欣梅园A27栋别墅,投影设备 银幕 音响 麦克风 WIFI 茶歇 停车场 黑白板 讲台 桌椅 电视 LED屏,66,0,http://venue.huodongxing.com/venue/detail/210875211764
361,活动行-活动场地,龙华区,筑梦之星-观澜湖国际大厦路演厅,筑梦之星,15920***755,商务活动 分享会/沙龙 课程 会议/论坛 路演 读书会,2400元/半天 起,236 平米起,100 人,深圳市龙华新区高尔夫大道5号观澜湖国际大厦4-16楼,投影设备 音响 麦克风 WIFI 黑白板 桌椅,43,1,http://venue.huodongxing.com/venue/detail/180850911386
362,活动行-活动场地,龙华区,蒲公英馆-CINEMA-LE-P.G.Y.,蒲仔,18138***602,聚会 商务活动 团建 分享会/沙龙 发布会 课程 会议/论坛 现场演出 展览 集市 路演 轰趴 读书会 年会,"6500元/5h 起
场地包含专业的电影级投影设备，舞台灯光音响等设施，电动伸缩座椅。独立庭院。非会员租用费用6500/5小时，全天（8：00-22：00）租用费用10000元（非会员）。此价格包含常规水电消耗，功率累计超过1万瓦的用电需另支付电费500元。场内设施包括：科视数字放映机，JBL5.1环绕音响系统，JBL返听一对，约200平方标准摄影棚，128座影院级放映厅，45平方独立化妆间，45平后台空间，舞台灯光，电影拍摄灯光等。",250 平米起,300 人,东环一路杰美康创意园E栋,投影设备 银幕 音响 麦克风 WIFI 茶歇 餐饮 停车场 黑白板 舞台灯 讲台 舞台 桌椅 电视,122,0,http://venue.huodongxing.com/venue/detail/370857885843
363,活动行-活动场地,龙华区,niuwork,陈先生,13028***114,分享会/沙龙 课程 现场演出 读书会 其他,"1300元/天 起
多功能会议室 1000元 路演厅 1300元",65 平米起,50 人,港深国际中心601,投影设备 音响 麦克风 WIFI 茶歇 餐饮 停车场 黑白板 讲台 桌椅,121,2,http://venue.huodongxing.com/venue/detail/210846863646
364,活动行-活动场地,龙华区,大浪小辣椒餐厅,大浪小辣椒餐厅,0755-***32616,聚会 DIY 体验 分享会/沙龙,10000元/天 起,800 平米起,200 人,深圳市龙华区大浪街道同胜社区华旺路同窗路工业园14栋1层D133-141,投影设备 音响 麦克风 WIFI 茶歇 餐饮,554,39,http://venue.huodongxing.com/venue/detail/510698792460
365,活动行-活动场地,龙华区,赤烧100,赤烧100,0755-***41382,聚会 团建 分享会/沙龙,84元/人 起,200 平米起,100 人,广东省深圳市龙华区民治梅林关书香门第上河坊广场6栋1,投影设备 音响 麦克风 WIFI 茶歇 餐饮 桌椅,1009,21,http://venue.huodongxing.com/venue/detail/310700448868
366,活动行-活动场地,龙华区,港湾宴会厅,港湾宴会厅,07556***1188,商务活动 分享会/沙龙 发布会,50000元/天 起,2000 平米起,500 人,深圳市龙华区龙华新城商业中心汇海广场2楼,投影设备 音响 麦克风 WIFI 茶歇 餐饮 停车场 桌椅,646,36,http://venue.huodongxing.com/venue/detail/990699052702
367,活动行-活动场地,龙华区,锦绣科学园,锦绣科学园,0755-***92939,分享会/沙龙 发布会,5000元/天 起,624 平米起,260 人,深圳市龙华新区观湖街道五河大道与观平路交汇处,投影设备 银幕 音响 麦克风 WIFI 茶歇 餐饮 停车场 黑白板 舞台灯 讲台 舞台 桌椅 电视 LED屏,1007,46,http://venue.huodongxing.com/venue/detail/890700004026
368,活动行-活动场地,龙华区,渡创空间,渡创空间,17324***082,分享会/沙龙 课程,4000元/天 起,300 平米起,90 人,深圳市龙华新区民治大道展滔科技大厦C座一楼,投影设备 音响 麦克风 WIFI 茶歇 餐饮 桌椅,599,27,http://venue.huodongxing.com/venue/detail/960699756000
